User,Label
bhouston,bhouston
WestLangley,WestLangley
gero3,gero3
ghost,ghost
Mugen87,Mugen87
makc,makc
tschw,tschw
zz85,zz85
takahirox,takahirox
mrdoob,mrdoob
benaadams,benaadams
dubejf,dubejf
arodic,arodic
aardgoose,aardgoose
sunag,sunag
jeromeetienne,jeromeetienne
alexan0308,alexan0308
Wilt,Wilt
gregtatum,gregtatum
looeee,looeee
rfm1201,rfm1201
AndrewRayCode,AndrewRayCode
repsac,repsac
greggman,greggman
MiiBond,MiiBond
valette,valette
renegademaster88,renegademaster88
paulmasson,paulmasson
titansoftime,titansoftime
bagg,bagg
pyrotechnick,pyrotechnick
simonThiele,simonThiele
mattdesl,mattdesl
remoe,remoe
chandlerprall,chandlerprall
jahting,jahting
MKHenson,MKHenson
leitzler,leitzler
brianchirls,brianchirls
MasterJames,MasterJames
daoshengmu,daoshengmu
kumavis,kumavis
erich666,erich666
fuzihaofzh,fuzihaofzh
erichlof,erichlof
jox81,jox81
PaulJacobs,PaulJacobs
RemusMar,RemusMar
lanfeustxiii,lanfeustxiii
arcanis,arcanis
dmarcos,dmarcos
theo-armour,theo-armour
tentone,tentone
BorisDutkin,BorisDutkin
NINE78,NINE78
danieljack,danieljack
brason,brason
loldrup,loldrup
spite,spite
cvan,cvan
insominx,insominx
tonnot,tonnot
sgrif,sgrif
satori99,satori99
jbaicoianu,jbaicoianu
arose,arose
ikerr,ikerr
richtr,richtr
jpweeks,jpweeks
Pitel,Pitel
libe,libe
elisee,elisee
benbro,benbro
tapio,tapio
dhritzkiv,dhritzkiv
Usnul,Usnul
crobi,crobi
Druidhawk,Druidhawk
Doidel,Doidel
pailhead,pailhead
fabricasapiens,fabricasapiens
mese79,mese79
verteAzur,verteAzur
elijahsgh,elijahsgh
rectalogic,rectalogic
ekitson,ekitson
powerslave,powerslave
BrotherErryn,BrotherErryn
wrr,wrr
jonobr1,jonobr1
arkasia,arkasia
foo123,foo123
arturitu,arturitu
Ni55aN,Ni55aN
Wandalen,Wandalen
namiwang,namiwang
AtiX,AtiX
NicolasRannou,NicolasRannou
corsaronero,corsaronero
carlosanunes,carlosanunes
m-schuetz,m-schuetz
LeonardoCardia,LeonardoCardia
bingomanatee,bingomanatee
ivankuzev,ivankuzev
Cy-Bo-Rg,Cy-Bo-Rg
pehrlich,pehrlich
scottgarner,scottgarner
BenediktS,BenediktS
willy-vvu,willy-vvu
danielribeiro,danielribeiro
gaitat,gaitat
Makio64,Makio64
vladimir123,vladimir123
mkeblx,mkeblx
GGAlanSmithee,GGAlanSmithee
heaversm,heaversm
tsone,tsone
creativekidney,creativekidney
jayfield1979,jayfield1979
abelnation,abelnation
eric-wieser,eric-wieser
rkusa,rkusa
mstrater,mstrater
kltk,kltk
tparisi,tparisi
indif,indif
JPac1619,JPac1619
srifqi,srifqi
jeum,jeum
df257,df257
dgolovin-dev,dgolovin-dev
Dino4674,Dino4674
alteredq,alteredq
Astrak,Astrak
nathaliaspatricio,nathaliaspatricio
hulf,hulf
speigg,speigg
nopjia,nopjia
jothikannan,jothikannan
kintel,kintel
caseygrun,caseygrun
elfrank,elfrank
farfromrefug,farfromrefug
jonnenauha,jonnenauha
cx20,cx20
nraynaud,nraynaud
weiserhei,weiserhei
ddanny,ddanny
aminnaggar,aminnaggar
Rich-Harris,Rich-Harris
jsermeno,jsermeno
codeart1st,codeart1st
dmtaub,dmtaub
fscz,fscz
gnitsuk,gnitsuk
ZanQdo,ZanQdo
rastafermo,rastafermo
Benjamin-Dobell,Benjamin-Dobell
AddictArts,AddictArts
poof86,poof86
fallenoak,fallenoak
drsagitn,drsagitn
mmmovania,mmmovania
killroy42,killroy42
cjshannon,cjshannon
naoomi,naoomi
pavelvasev,pavelvasev
nn4e,nn4e
AVGP,AVGP
tiagocardoso,tiagocardoso
huttarl,huttarl
Omiod,Omiod
traa,traa
n4m3l3ss-b0t,n4m3l3ss-b0t
darkorbit,darkorbit
rotorgames,rotorgames
yomotsu,yomotsu
kodemax,kodemax
borismus,borismus
bGute,bGute
QuaziKb,QuaziKb
fernandojsg,fernandojsg
AlexeyGapon,AlexeyGapon
TonyRogersAtWork,TonyRogersAtWork
davidberneda,davidberneda
s9k,s9k
aznur,aznur
nhalloran,nhalloran
jasongrout,jasongrout
patrickkidd,patrickkidd
thmasn,thmasn
jterrace,jterrace
Tobiasartz,Tobiasartz
paullewis,paullewis
waldenn,waldenn
lonelydatum,lonelydatum
Villmer,Villmer
collinhover,collinhover
shermanlsh,shermanlsh
trusktr,trusktr
cutama,cutama
sirxemic,sirxemic
alf007mx,alf007mx
rosone,rosone
fuzzthink,fuzzthink
abstractalgo,abstractalgo
wwwtyro,wwwtyro
djreiss,djreiss
novemrain,novemrain
apendua,apendua
vanruesc,vanruesc
yomboprime,yomboprime
davidedc,davidedc
Baccanno,Baccanno
harold,harold
danrossi,danrossi
soilsk,soilsk
zfedoran,zfedoran
johnhu84,johnhu84
felixturner,felixturner
em,em
wizgrav,wizgrav
drewnoakes,drewnoakes
brunougomes,brunougomes
fraguada,fraguada
aphex-,aphex-
saric2005,saric2005
daron1337,daron1337
Herst,Herst
KrisKringle,KrisKringle
patrickfuller,patrickfuller
spidersharma03,spidersharma03
alanwol,alanwol
jedialpha,jedialpha
tolgafiratoglu,tolgafiratoglu
chrisella,chrisella
vincent,vincent
evantron3000,evantron3000
inear,inear
izatar,izatar
plopidou,plopidou
savalin,savalin
andrevenancio,andrevenancio
cecilemuller,cecilemuller
Oletus,Oletus
pontiffpublishing,pontiffpublishing
Axiverse,Axiverse
VelvetValve,VelvetValve
landonsilla,landonsilla
krusk,krusk
TreedeeAnimation,TreedeeAnimation
brianclanton,brianclanton
marklundin,marklundin
sole,sole
viclib,viclib
brianxu,brianxu
Fabrice3D,Fabrice3D
stoomm,stoomm
sasha240100,sasha240100
Memolestas,Memolestas
alexwakeman,alexwakeman
robertf,robertf
webgldawn,webgldawn
rmarques-realstatus,rmarques-realstatus
ppmteam,ppmteam
phfatmonkey,phfatmonkey
stity,stity
kevinoe,kevinoe
wavesoft,wavesoft
AnaPaulaRamos,AnaPaulaRamos
jfeldste,jfeldste
podelo,podelo
stephomi,stephomi
dimecho,dimecho
jotinha,jotinha
valaydesai3,valaydesai3
72lions,72lions
sRcBh,sRcBh
fallenartist,fallenartist
toji,toji
rogercodina,rogercodina
gengshenghong,gengshenghong
mkkellogg,mkkellogg
stammen,stammen
RoeePeleg,RoeePeleg
ericaokamura,ericaokamura
julls,julls
talktough,talktough
avinoamr,avinoamr
daveo1001,daveo1001
antont,antont
rougegoat,rougegoat
arya-s,arya-s
uMaxmaxmaximus,uMaxmaxmaximus
impelluso,impelluso
recognizerHD,recognizerHD
ashgavs,ashgavs
joeedh,joeedh
czupakabra,czupakabra
tzhao,tzhao
morsen,morsen
Chris2011,Chris2011
skfcz,skfcz
gova05cse,gova05cse
qiao,qiao
jeremytammik,jeremytammik
timothypratley,timothypratley
kduong,kduong
squarefeet,squarefeet
Chaky74,Chaky74
ty10r,ty10r
G3z,G3z
BKcore,BKcore
aqiruse,aqiruse
daphnawegner,daphnawegner
jppresents,jppresents
xizhonghua,xizhonghua
rohan-deshpande,rohan-deshpande
TheoTheDev,TheoTheDev
kkananen,kkananen
accncc,accncc
pindiespace,pindiespace
migvel,migvel
Ekki,Ekki
elephantatwork,elephantatwork
tiansijie,tiansijie
Fox32,Fox32
karimbeyrouti,karimbeyrouti
im007boy,im007boy
Sneagan,Sneagan
plepers,plepers
mgreter,mgreter
dcousens,dcousens
whatisor,whatisor
echteinfachtv,echteinfachtv
lmcd,lmcd
kishalmi,kishalmi
jaycrossler,jaycrossler
bnolan,bnolan
jlewin,jlewin
pletzer,pletzer
bartmcleod,bartmcleod
lo-th,lo-th
FreeFrags,FreeFrags
DavidSouther,DavidSouther
hena-3,hena-3
prafullit,prafullit
csc417,csc417
sofpower,sofpower
guardianResearch,guardianResearch
throni3git,throni3git
rchadwic,rchadwic
mmorrisontx,mmorrisontx
slapshin,slapshin
roben,roben
Popov72,Popov72
trevex,trevex
zettam,zettam
EliasHasle,EliasHasle
ralfnap,ralfnap
georgeneil,georgeneil
lauraneb,lauraneb
EskelCz,EskelCz
eric79,eric79
amirmakan,amirmakan
brez,brez
mlknz,mlknz
SuberFu,SuberFu
kovacsv,kovacsv
Josema,Josema
tstanev,tstanev
yuvadm,yuvadm
Borisss,Borisss
magnitudoOrg,magnitudoOrg
grzegorzborowiak,grzegorzborowiak
unicomp21,unicomp21
sjpt,sjpt
koenig-dominik,koenig-dominik
shshaw,shshaw
zevarito,zevarito
omgitsraven,omgitsraven
DodekaHydra,DodekaHydra
Arvindh-ctl,Arvindh-ctl
cvj157,cvj157
wivlaro,wivlaro
vakorol,vakorol
ozubaba,ozubaba
easyfrog,easyfrog
Huck,Huck
SET001,SET001
berli888,berli888
caseyyee,caseyyee
EvilPeanut,EvilPeanut
haeric,haeric
dev1intellial,dev1intellial
ostap1010,ostap1010
yagiz,yagiz
walfly,walfly
SirNeuman,SirNeuman
IceCreamYou,IceCreamYou
vincent-courtalon,vincent-courtalon
lejeunerenard,lejeunerenard
getzelone,getzelone
vidstige,vidstige
unphased,unphased
harman052,harman052
rudiedirkx,rudiedirkx
samuelgrigolato,samuelgrigolato
huanghuan,huanghuan
lpsinger,lpsinger
michax,michax
Nimanf,Nimanf
jfranc,jfranc
linzhp,linzhp
AleksandrAlbert,AleksandrAlbert
centerionware,centerionware
zerorzero,zerorzero
sterlingcrispin,sterlingcrispin
yar3333,yar3333
iras,iras
canassa,canassa
aurelmm,aurelmm
tezcancirakoglu,tezcancirakoglu
olivierchatry,olivierchatry
deethee,deethee
misirlu13,misirlu13
BrianCraig,BrianCraig
gyohk,gyohk
sagh0900,sagh0900
bmd0031,bmd0031
chrmoritz,chrmoritz
jee7,jee7
troffmo5,troffmo5
gyuque,gyuque
aleeper,aleeper
DVLP,DVLP
ColasMarko,ColasMarko
MIND0S,MIND0S
daniel-nth,daniel-nth
CraigFeldspar,CraigFeldspar
GuyGood,GuyGood
ex5,ex5
dams32,dams32
wizztjh,wizztjh
digitaledge,digitaledge
leonsal,leonsal
anvaka,anvaka
JamesHagerman,JamesHagerman
jmrandol,jmrandol
smatthews1999,smatthews1999
iRomano,iRomano
taffeldt,taffeldt
bicubic,bicubic
astrolabio,astrolabio
Ludobaka,Ludobaka
vatula,vatula
pl1307,pl1307
zinefer,zinefer
Densaugeo,Densaugeo
Coder2012,Coder2012
leewz,leewz
Stonelinks,Stonelinks
TheJim01,TheJim01
golopot,golopot
chinmayc,chinmayc
LiquidSnakeX,LiquidSnakeX
nosy-b,nosy-b
egraether,egraether
idflood,idflood
xswordsx,xswordsx
ge5,ge5
charlesfleche,charlesfleche
onedayitwillmake,onedayitwillmake
NickPowers43,NickPowers43
grgr,grgr
chriskillpack,chriskillpack
SolarCoordinates,SolarCoordinates
studioijeoma,studioijeoma
oosmoxiecode,oosmoxiecode
kor86,kor86
kdrnic,kdrnic
SignpostMarv,SignpostMarv
willcrichton,willcrichton
D1plo1d,D1plo1d
ebann,ebann
siggj,siggj
unconed,unconed
ShaneHudson,ShaneHudson
broady,broady
tarun29061990,tarun29061990
j3zusla,j3zusla
ch3sn3k,ch3sn3k
lwz7512,lwz7512
daiArna,daiArna
jareiko,jareiko
JordanDelcros,JordanDelcros
olivierhuntemann,olivierhuntemann
milewski,milewski
ecivic,ecivic
hujiulong,hujiulong
martinRenou,martinRenou
georgik,georgik
march1993,march1993
cscott,cscott
SilentFlame,SilentFlame
lornemcintosh,lornemcintosh
sids4ru,sids4ru
mohamedzeid,mohamedzeid
Pro,Pro
lazd,lazd
chrisprobst,chrisprobst
fleduc,fleduc
yjcxy12,yjcxy12
mathisonian,mathisonian
whose-bird,whose-bird
zenna,zenna
roundrobin,roundrobin
spalax,spalax
flimshaw,flimshaw
abritinthebay,abritinthebay
antoniovazquezblanco,antoniovazquezblanco
ThomasPahler,ThomasPahler
miohtama,miohtama
warrenwyf,warrenwyf
FrenchYann,FrenchYann
MrGold,MrGold
dbrandt7,dbrandt7
sohow,sohow
nkint,nkint
StepanCZSK,StepanCZSK
etherny,etherny
oculushut,oculushut
wojdyr,wojdyr
glumb,glumb
espnicholas,espnicholas
okready,okready
jencarlile,jencarlile
radio412,radio412
seflless,seflless
Decad,Decad
sukhwant,sukhwant
chsymann,chsymann
frewsxcv,frewsxcv
callumprentice,callumprentice
Cappieh,Cappieh
prieston,prieston
6ert,6ert
PWhiddy,PWhiddy
nicky-lenaers,nicky-lenaers
jespa007,jespa007
theshanergy,theshanergy
barnabygunning,barnabygunning
natk,natk
ironbane,ironbane
VinnyVicious,VinnyVicious
ilanusse,ilanusse
tranek,tranek
pnaylor,pnaylor
StarPlugins,StarPlugins
dimarudol,dimarudol
chr15m,chr15m
thorsummoner,thorsummoner
Mann90,Mann90
florianf,florianf
bzuillsmith,bzuillsmith
werewolfrex,werewolfrex
amerello,amerello
eXacto,eXacto
mhelvens,mhelvens
edankwan,edankwan
dwx360,dwx360
glitchland,glitchland
codler,codler
robsilv,robsilv
BjornMoren,BjornMoren
huningxin,huningxin
Ben-Mack,Ben-Mack
jpryne,jpryne
saschagehlich,saschagehlich
zhjawe,zhjawe
ekatzenstein,ekatzenstein
paulkaplan,paulkaplan
SomMeri,SomMeri
arnaldof,arnaldof
davidlyons,davidlyons
jamesreilly,jamesreilly
johnny-cartelle,johnny-cartelle
baopham,baopham
geFive,geFive
jhadenfeldt,jhadenfeldt
rma31,rma31
Marco-Sulla,Marco-Sulla
slavielle,slavielle
Patel2014,Patel2014
elwinarens,elwinarens
christopherjbaker,christopherjbaker
mhirsch,mhirsch
webfacer,webfacer
mflux,mflux
jarvisniu,jarvisniu
jbogp,jbogp
robotsuperstar,robotsuperstar
LukasSkywalker,LukasSkywalker
Samsy,Samsy
inssein,inssein
youdoido,youdoido
lutangar,lutangar
vikasTmz,vikasTmz
tracend,tracend
schoening,schoening
twhittock,twhittock
jocabola,jocabola
RUSSCITY,RUSSCITY
gurki,gurki
Goutte,Goutte
wzr1337,wzr1337
Dahie,Dahie
panlina,panlina
mattlockyer,mattlockyer
clockworkgeek,clockworkgeek
frontend89,frontend89
SpiritBreaker,SpiritBreaker
nthitz,nthitz
SebastienHo,SebastienHo
0xor1,0xor1
bomastudio,bomastudio
neeravbm,neeravbm
maximeq,maximeq
electricessence,electricessence
krychu,krychu
rnixik,rnixik
Ovilia,Ovilia
sandeeppster,sandeeppster
chrmi,chrmi
dionysiusmarquis,dionysiusmarquis
chinhodado,chinhodado
akshaynagpal,akshaynagpal
sphaero,sphaero
Gaubee,Gaubee
rock7-dan,rock7-dan
gbox3d,gbox3d
mwpowellhtx,mwpowellhtx
kennethito,kennethito
RunninglVlan,RunninglVlan
oal,oal
onionhammer,onionhammer
tomasparks,tomasparks
kevzettler,kevzettler
Johannesb,Johannesb
typhoidin,typhoidin
manthrax,manthrax
Bri-G,Bri-G
derivou,derivou
movitto,movitto
mrmalee,mrmalee
qdnguyen,qdnguyen
stevenvergenz,stevenvergenz
jlsfernandez,jlsfernandez
smaira,smaira
zsitro,zsitro
asyncanup,asyncanup
ashawthing,ashawthing
Michbeckable,Michbeckable
PolGuixe,PolGuixe
mokra,mokra
jzitelli,jzitelli
ShynRou,ShynRou
JGeerWM,JGeerWM
MJTheOne,MJTheOne
instacat,instacat
WaltzBinaire,WaltzBinaire
bsergean,bsergean
abincg,abincg
boyaquito,boyaquito
eligrey,eligrey
positlabs,positlabs
georgeou2003,georgeou2003
kyma,kyma
ucarion,ucarion
fordacious,fordacious
bsenftner,bsenftner
MyTek,MyTek
istavang,istavang
Beuc,Beuc
nemild,nemild
IamRizban,IamRizban
jabooth,jabooth
MrMaksymov,MrMaksymov
joostfaassen,joostfaassen
endeep,endeep
MrRar,MrRar
kylegmaxwell,kylegmaxwell
Bjvanminnen,Bjvanminnen
srikanthsri888,srikanthsri888
agnivade,agnivade
buffaly,buffaly
mirro187,mirro187
Shawson,Shawson
mpk,mpk
yrns,yrns
josephrocca,josephrocca
froh,froh
maurrubio,maurrubio
Saka1984,Saka1984
ClaireXie,ClaireXie
patak-dev,patak-dev
holmanelias,holmanelias
sandromartis,sandromartis
chrisj,chrisj
philogb,philogb
markyueng,markyueng
chrismo,chrismo
missingdays,missingdays
BrianSipple,BrianSipple
iefreer,iefreer
doexclusive,doexclusive
neverhood311,neverhood311
mhluska,mhluska
casperjeff,casperjeff
henri-astre-msft,henri-astre-msft
omni360,omni360
korner-brazers,korner-brazers
mfdesigner,mfdesigner
emnh,emnh
ManBu,ManBu
hjorturls,hjorturls
jaakkor2,jaakkor2
KillerJim-DVG,KillerJim-DVG
mrienstra,mrienstra
DrOof,DrOof
austingray,austingray
markusT-,markusT-
Dynasty9,Dynasty9
sgaurav,sgaurav
PanChan,PanChan
HongjianLi,HongjianLi
orgicus,orgicus
qwertzui11,qwertzui11
CoDEmanX,CoDEmanX
griffin2000,griffin2000
fireph,fireph
chpatrick,chpatrick
SteveOW,SteveOW
tistatos,tistatos
laughingturtle,laughingturtle
polpluckanes,polpluckanes
stefano-maglione,stefano-maglione
tinaun,tinaun
RaiNova,RaiNova
DanielBaird,DanielBaird
please-wait,please-wait
annosphere,annosphere
jeromemaurey,jeromemaurey
morenoh149,morenoh149
MusicalCreeper01,MusicalCreeper01
djfroofy,djfroofy
aswin-s,aswin-s
rangeva,rangeva
mtconcepts,mtconcepts
makemeunsee,makemeunsee
Codes4Fun,Codes4Fun
Cyxo,Cyxo
larsberg,larsberg
ulanda,ulanda
MyCADDev,MyCADDev
PeanutPower,PeanutPower
gam0022,gam0022
guybrush,guybrush
Stompfrog,Stompfrog
jdolan,jdolan
saadfaisal,saadfaisal
loliconer,loliconer
Maslik78,Maslik78
etic,etic
Maria1000,Maria1000
druid77,druid77
tsherif,tsherif
szimek,szimek
pushmatrix,pushmatrix
SaadAhmedSiddiqui,SaadAhmedSiddiqui
sean3200,sean3200
benoitjacquier,benoitjacquier
janryWang,janryWang
rhulha,rhulha
Gergling,Gergling
sirjamm,sirjamm
praveenvc,praveenvc
prayagverma,prayagverma
MikeTatsky,MikeTatsky
JetStarBlues,JetStarBlues
ForumLeech,ForumLeech
walzuu,walzuu
koolkap,koolkap
verybigelephants,verybigelephants
hxnan,hxnan
englercj,englercj
yovisun,yovisun
dkniffin,dkniffin
notlion,notlion
timknip,timknip
handegar,handegar
dixit-neeraj,dixit-neeraj
mess110,mess110
jameskeane1,jameskeane1
acgessler,acgessler
brknblgc,brknblgc
pqod,pqod
zhangang,zhangang
Brenden-Morales,Brenden-Morales
ChrisTerBeke,ChrisTerBeke
sjoerdvalk1991,sjoerdvalk1991
Herr-Herner,Herr-Herner
dimitrii,dimitrii
tpmccauley,tpmccauley
imrantariq2011,imrantariq2011
ZedBee,ZedBee
sdc-,sdc-
rhalff,rhalff
matrix3d,matrix3d
bunnybones1,bunnybones1
zackurben,zackurben
AmolJawalkar,AmolJawalkar
KariTrace,KariTrace
rayfranco,rayfranco
jmcmahon443,jmcmahon443
CodingFabian,CodingFabian
dirkk0,dirkk0
philxia,philxia
jimblackler,jimblackler
orangebandit,orangebandit
maxogden,maxogden
Slayvin,Slayvin
SteveTJS,SteveTJS
AndrewDavis,AndrewDavis
gwindes,gwindes
wangniancai,wangniancai
Programmer-D,Programmer-D
bcajes,bcajes
mkschreder,mkschreder
dustinkerstein,dustinkerstein
FullstackJack,FullstackJack
phillyqueso,phillyqueso
kkjeer,kkjeer
tmdeft,tmdeft
adityatambe,adityatambe
g-rocket,g-rocket
royJang,royJang
ggHj,ggHj
jtwebguy,jtwebguy
endel,endel
HelveticaScenario,HelveticaScenario
OriginalUserName,OriginalUserName
PierBover,PierBover
testaccount778899,testaccount778899
filgf,filgf
saintbaf,saintbaf
nickspiel,nickspiel
natewilliford,natewilliford
Roam-Cooper,Roam-Cooper
fl4p,fl4p
ericberberich,ericberberich
jojoth,jojoth
petitssoldats,petitssoldats
Tw1ddle,Tw1ddle
henryJack,henryJack
rsgd,rsgd
cameronroe,cameronroe
CarbonMan,CarbonMan
MichaelThompson32214,MichaelThompson32214
ossmoos,ossmoos
tforgione,tforgione
anothercoder2,anothercoder2
VinceBT,VinceBT
proteamer,proteamer
Scharnvirk,Scharnvirk
djeanhimself,djeanhimself
MichaelPerlbach,MichaelPerlbach
Lukas-,Lukas-
SkaceKamen,SkaceKamen
vitillo,vitillo
beiller,beiller
martyan,martyan
axedre,axedre
nucliweb,nucliweb
kig,kig
ZuBsPaCe,ZuBsPaCe
lallish,lallish
fkkcloud,fkkcloud
WuTheFWasThat,WuTheFWasThat
BSVino,BSVino
MallorLoU,MallorLoU
hungpq3si,hungpq3si
jeremyckahn,jeremyckahn
thatchickincali,thatchickincali
kayomarz,kayomarz
RafalRasztemborski,RafalRasztemborski
mcauer,mcauer
MajorBreakfast,MajorBreakfast
redblackbit,redblackbit
holoduke,holoduke
jorgenfb,jorgenfb
tdavis1198,tdavis1198
BAntDit,BAntDit
pixelperfect3,pixelperfect3
DINmatin,DINmatin
nylki,nylki
kanna-chen,kanna-chen
hendrikp,hendrikp
tongwing,tongwing
lotcz,lotcz
sunjay,sunjay
fkammer,fkammer
Gnurou,Gnurou
ge53,ge53
miketucker,miketucker
pangch,pangch
kishore25kumar,kishore25kumar
humamdas,humamdas
Freeman555,Freeman555
BradDodi,BradDodi
cindyloo,cindyloo
larspetrus,larspetrus
jhickner,jhickner
mgold,mgold
lxxxvi,lxxxvi
ruofeidu,ruofeidu
donmccurdy,donmccurdy
ns717,ns717
gregmax17,gregmax17
cweinreben,cweinreben
mikecao,mikecao
xwxxxl,xwxxxl
CarlBateman,CarlBateman
Reinmar,Reinmar
edzis,edzis
kkirsche,kkirsche
ianblue,ianblue
stevedekorte,stevedekorte
apostololeg,apostololeg
etx,etx
hotcookie,hotcookie
DamirCiganovic-Jankovic,DamirCiganovic-Jankovic
spc16670,spc16670
jayschwa,jayschwa
liammagee,liammagee
algrs,algrs
ov,ov
sroucheray,sroucheray
BenJenkinson,BenJenkinson
tyapa1111,tyapa1111
Michael-Z-Freeman,Michael-Z-Freeman
JeremyBernier,JeremyBernier
marwanhilmi,marwanhilmi
Wiother,Wiother
matthias-w,matthias-w
TheTrope,TheTrope
safetydank,safetydank
andreasplan8,andreasplan8
Nicien,Nicien
ddemott,ddemott
Henkoglobin,Henkoglobin
FragColor,FragColor
merpnderp,merpnderp
FatLasha,FatLasha
danahartweg,danahartweg
harbhub,harbhub
jsladek,jsladek
davejack1,davejack1
blaise-io,blaise-io
m4chinations,m4chinations
HashNuke,HashNuke
Austriker,Austriker
staunsholm,staunsholm
flexelektro,flexelektro
joeonmars,joeonmars
wpk-,wpk-
hekto,hekto
owlsketch,owlsketch
N1k0l4,N1k0l4
BalajiSomasundaram,BalajiSomasundaram
JustinHoldstock,JustinHoldstock
phutidus,phutidus
prabindh,prabindh
planUnd,planUnd
epicleap,epicleap
sotb,sotb
bwiklund,bwiklund
renslinden,renslinden
earthiverse,earthiverse
Bjorn-Visser,Bjorn-Visser
Waseem27,Waseem27
gwink,gwink
AliHammoud,AliHammoud
archcomet,archcomet
terryleetracymc,terryleetracymc
brentwalther,brentwalther
hemantchhabra,hemantchhabra
tskardal,tskardal
guidocalvano,guidocalvano
Zob1,Zob1
sumittada,sumittada
ClayWx,ClayWx
stemkoski,stemkoski
martindrlik,martindrlik
joedart,joedart
ElmarNieser,ElmarNieser
robertcasanova,robertcasanova
TheManWhoWas,TheManWhoWas
jukkaho,jukkaho
DoodleIncident,DoodleIncident
martinwicke,martinwicke
cfiehe,cfiehe
KillerJim,KillerJim
tomturner,tomturner
tanquetav,tanquetav
flow-c,flow-c
monstrobishi,monstrobishi
linkedz,linkedz
achetwood,achetwood
artur-trzesiok,artur-trzesiok
andsve,andsve
noracica,noracica
blackslate,blackslate
pingfengafei,pingfengafei
djquerynet,djquerynet
Crisium,Crisium
neeh,neeh
mikaelgramont,mikaelgramont
tuan3w,tuan3w
khanani92,khanani92
ash0080,ash0080
alexus85,alexus85
hoschi,hoschi
Furin,Furin
noiv,noiv
inf1,inf1
simsterj,simsterj
resle,resle
c0d1f1ed,c0d1f1ed
cwgreene,cwgreene
scazan,scazan
MasseGuillaume,MasseGuillaume
jamesgao,jamesgao
AnthorNet,AnthorNet
RudyAramayo,RudyAramayo
come,come
nexus2000,nexus2000
dabbott,dabbott
jyunming-chen,jyunming-chen
hotzenklotz,hotzenklotz
bfalese,bfalese
ymmd,ymmd
avihaim,avihaim
joews,joews
moretti,moretti
aashidham,aashidham
MPanknin,MPanknin
weitmLzu,weitmLzu
Msdoob,Msdoob
alexandrew,alexandrew
jbilcke,jbilcke
Brucewayne01,Brucewayne01
qbytt,qbytt
ajanczak,ajanczak
mesealexan,mesealexan
superguigui,superguigui
rhairston,rhairston
Ricket,Ricket
maxkostin,maxkostin
manuq,manuq
michapixel,michapixel
double051,double051
peciMipumi,peciMipumi
Alexander-Krause-Glau,Alexander-Krause-Glau
sn3p,sn3p
flyingdeath,flyingdeath
kirilledelman,kirilledelman
SebastianBaltes,SebastianBaltes
medihack,medihack
Mathieu-Pasco-Breillot,Mathieu-Pasco-Breillot
prasenjitbera,prasenjitbera
schmitzke,schmitzke
simonspoerri,simonspoerri
danschumann,danschumann
Hanrui,Hanrui
anasAsh,anasAsh
niklassa,niklassa
arthurmchr,arthurmchr
herforragend,herforragend
technohippy,technohippy
ruby0x1,ruby0x1
mrspeaker,mrspeaker
makaixuan,makaixuan
prorammer1,prorammer1
jimmyland,jimmyland
K1ll3rF0x,K1ll3rF0x
sgtfrankieboy,sgtfrankieboy
pjoe,pjoe
michaud,michaud
uijin,uijin
williamfields,williamfields
Roobena,Roobena
ximreh,ximreh
nrosenw,nrosenw
jdan,jdan
jonas-db,jonas-db
streunerlein,streunerlein
minglars,minglars
Jakobud,Jakobud
mannynotfound,mannynotfound
hjk61314,hjk61314
jamiefearon,jamiefearon
skyburchard,skyburchard
Colir,Colir
theblang,theblang
bertani,bertani
vitch,vitch
esfandiar,esfandiar
KentJames,KentJames
jhclaura,jhclaura
BrodaNoel,BrodaNoel
JPhilipp,JPhilipp
ChainsawXIV,ChainsawXIV
whoem,whoem
chuckfairy,chuckfairy
drakh,drakh
JanWaller,JanWaller
dimanux,dimanux
dmenne,dmenne
stephentt,stephentt
klebba,klebba
AjayShah03,AjayShah03
danielkaneider,danielkaneider
json2d,json2d
flacohenao,flacohenao
MontyThibault,MontyThibault
funwithtriangles,funwithtriangles
hakanai-zz,hakanai-zz
pawsong,pawsong
kyunam,kyunam
ka-ramba,ka-ramba
aboutqx,aboutqx
sjfricke,sjfricke
rimina,rimina
guzuomuse,guzuomuse
EnricSala,EnricSala
d3x0r,d3x0r
matthoz,matthoz
bagofjuice,bagofjuice
hamogu,hamogu
HiZhaoxiaoyang,HiZhaoxiaoyang
msrk,msrk
dherben,dherben
douglasquade,douglasquade
lengyunliu,lengyunliu
RaoulSchaffranek,RaoulSchaffranek
nomad-software,nomad-software
timstutts,timstutts
gibo,gibo
avicha,avicha
msmolens,msmolens
RobinvanderVliet,RobinvanderVliet
Akfreak,Akfreak
cbeust,cbeust
rpsirois,rpsirois
irenkai,irenkai
RobertMars,RobertMars
niklasvh,niklasvh
simonihmig,simonihmig
AjayShah,AjayShah
ahoi,ahoi
suskind,suskind
brendanmig,brendanmig
coldi,coldi
agostbiro,agostbiro
also,also
nolman,nolman
AlistairBraz,AlistairBraz
asgerf,asgerf
evidenciavisual,evidenciavisual
gpoort,gpoort
Taraflex,Taraflex
konijn,konijn
rhuitl,rhuitl
Sampoman,Sampoman
macgor,macgor
chrisjubb,chrisjubb
mscongdon,mscongdon
Gazzell,Gazzell
yurenju,yurenju
aramvr,aramvr
asforever,asforever
tanmingjun2love,tanmingjun2love
anthonybriand,anthonybriand
ascloutier,ascloutier
fta2012,fta2012
Pengeszikra,Pengeszikra
master1517,master1517
evanbbb,evanbbb
npage85,npage85
Apxdono,Apxdono
seacloud9,seacloud9
aslushnikov,aslushnikov
Forux,Forux
arefin86,arefin86
simoncarre,simoncarre
3DRod,3DRod
JDok,JDok
dioskey,dioskey
lgarron,lgarron
eldernos,eldernos
SimoneGianni,SimoneGianni
cstolli,cstolli
JoeHH,JoeHH
emin,emin
CharlotteGore,CharlotteGore
voidburn,voidburn
Dvad,Dvad
ajorkowski,ajorkowski
rogerpala,rogerpala
skrat,skrat
Djuelich,Djuelich
mochizukid,mochizukid
pnitsch,pnitsch
godlzr,godlzr
kurzemnieks,kurzemnieks
flagstone78,flagstone78
patrickFuerst,patrickFuerst
brad426,brad426
hasanayan,hasanayan
Malgalad,Malgalad
mzlock,mzlock
benwest,benwest
enriquemorenotent,enriquemorenotent
dphil,dphil
stavenko,stavenko
Turboconnard,Turboconnard
bryce-evans,bryce-evans
Bangybug,Bangybug
siarhei-klimuts,siarhei-klimuts
N0NameN0,N0NameN0
hmachefe,hmachefe
ma3tk,ma3tk
jens-duttke,jens-duttke
Mo1999,Mo1999
kpetrow,kpetrow
ManishDeshmukh,ManishDeshmukh
joshmanbc,joshmanbc
florianmaxim,florianmaxim
csnellman,csnellman
fjenett,fjenett
kiraSFQ,kiraSFQ
andreykaipov,andreykaipov
binki,binki
cimo,cimo
jdduke,jdduke
Polloutry,Polloutry
mrcljx,mrcljx
MrBendel,MrBendel
razh,razh
xiao19880917lu,xiao19880917lu
gaby64,gaby64
randombk,randombk
Ashajoney,Ashajoney
symplute,symplute
gehuangyi20,gehuangyi20
oladitan,oladitan
ligeziak,ligeziak
DBraun,DBraun
safaa1978,safaa1978
nxxcxx,nxxcxx
huydq5000,huydq5000
Unsure23,Unsure23
soelen,soelen
timthomassen,timthomassen
hughes,hughes
laetitiakami,laetitiakami
Iter-Ator,Iter-Ator
that-ben,that-ben
Erfans,Erfans
and3rson,and3rson
ghemingway,ghemingway
binerry,binerry
BretMishler,BretMishler
Fruchtgummi,Fruchtgummi
dvenkatsagar,dvenkatsagar
leegrey,leegrey
trumanita,trumanita
nebeleh,nebeleh
jvaranam,jvaranam
emilsjolander,emilsjolander
dylemma,dylemma
langovoi,langovoi
bastienjacquet,bastienjacquet
jkieboom,jkieboom
HazemSamir,HazemSamir
joker-b,joker-b
cjuhong,cjuhong
packadal,packadal
dxshindeo,dxshindeo
qinwenshi,qinwenshi
anasyb,anasyb
smile777,smile777
onthez,onthez
ponychicken,ponychicken
ronsykes,ronsykes
50Wliu,50Wliu
Cobertos,Cobertos
skjsaurabh,skjsaurabh
MathLynx,MathLynx
dustbin,dustbin
nikolas,nikolas
LarryBattle,LarryBattle
zdavatz,zdavatz
datmorrison,datmorrison
jfoxworth,jfoxworth
hedral,hedral
shi-314,shi-314
russplaysguitar,russplaysguitar
wagerfield,wagerfield
arunondeck,arunondeck
AdreyYa,AdreyYa
360art,360art
kozusnikjan,kozusnikjan
dshoukim,dshoukim
foellsen,foellsen
rtsao,rtsao
mathijsjansen1987,mathijsjansen1987
arcDaniel,arcDaniel
matthewtung,matthewtung
ceilvt,ceilvt
brianpeiris,brianpeiris
ViliamKopecky,ViliamKopecky
bbence84,bbence84
dipaksa,dipaksa
KaiSteinert,KaiSteinert
adius,adius
3skimo,3skimo
trokster,trokster
catdsnny,catdsnny
jspdown,jspdown
ivanbacher,ivanbacher
olygofren,olygofren
robert-irribarren,robert-irribarren
apriori,apriori
jkunggit,jkunggit
mrca,mrca
CirilBohak,CirilBohak
joepie91,joepie91
APdevelopments,APdevelopments
johanhelsing,johanhelsing
DaanBroekhof,DaanBroekhof
murzart,murzart
AlanDZhang,AlanDZhang
donlzx,donlzx
SkuridinKV,SkuridinKV
iamajaymakwana,iamajaymakwana
christianliebel,christianliebel
lz000,lz000
galgoto,galgoto
shri009,shri009
Zack90,Zack90
sigmaxipi,sigmaxipi
redien,redien
charleserious,charleserious
genrich,genrich
Pixic,Pixic
crazyyaoyao,crazyyaoyao
nevoeiro,nevoeiro
xuyanquan,xuyanquan
hellopath,hellopath
prima-meteria,prima-meteria
dazhenhan,dazhenhan
gezest,gezest
MonicaOlejniczak,MonicaOlejniczak
MarionLenfant,MarionLenfant
candidcoderz,candidcoderz
hepp,hepp
brihgt,brihgt
gdauster,gdauster
prominentdetail,prominentdetail
leodutra,leodutra
ravikirana32,ravikirana32
glennflanagan,glennflanagan
simon-heinen,simon-heinen
Ouruniverse,Ouruniverse
roschler,roschler
mlepage,mlepage
bripkens,bripkens
Ouaps,Ouaps
digital360,digital360
mqnc,mqnc
jonezo,jonezo
fatbatman,fatbatman
carloscarniel,carloscarniel
pognibene,pognibene
davidcittadini,davidcittadini
nandin-borjigin,nandin-borjigin
joe-gh,joe-gh
lateek35,lateek35
sergiota,sergiota
ksandvik,ksandvik
copyhold,copyhold
nitaku,nitaku
bogdanfer,bogdanfer
jodybrewster,jodybrewster
dexwiz,dexwiz
mdamien,mdamien
werkt,werkt
J-Zeitler,J-Zeitler
ThePrimeagen,ThePrimeagen
tartavull,tartavull
pressuredesigns,pressuredesigns
sebasbaumh,sebasbaumh
majifo,majifo
jochasinga,jochasinga
bicarbon8,bicarbon8
koralcem,koralcem
aramk,aramk
martinglish,martinglish
GlebDolzhikov,GlebDolzhikov
kunjiang,kunjiang
dmnsgn,dmnsgn
tremby,tremby
amirebrahimi,amirebrahimi
dariukas,dariukas
imotai,imotai
DrMarty,DrMarty
Lasto13,Lasto13
unreturnable,unreturnable
ururk,ururk
tblazz,tblazz
nopor,nopor
cidwings,cidwings
mikaat,mikaat
Brakebein,Brakebein
stefan3d,stefan3d
gui2one,gui2one
Zhrack,Zhrack
johndoe837,johndoe837
meefox,meefox
Annika95,Annika95
michaeldeitcher,michaeldeitcher
rogeriothessal,rogeriothessal
bwlewis,bwlewis
madwed,madwed
zoff,zoff
milesmatthias,milesmatthias
jesseolssondirt,jesseolssondirt
coderextreme,coderextreme
KTM450SXF,KTM450SXF
tplet,tplet
stephane78,stephane78
xiulunlin,xiulunlin
andrewxaim,andrewxaim
saromanov,saromanov
thelucre,thelucre
tjddizon,tjddizon
DavidACL,DavidACL
sjavacat,sjavacat
Cruzzoide,Cruzzoide
s-a,s-a
erbridge,erbridge
garryygpw,garryygpw
niklaslavrell,niklaslavrell
emfax,emfax
hotohoto,hotohoto
jperezmedina,jperezmedina
littleninja,littleninja
JohnRodney,JohnRodney
michelgokan,michelgokan
otuk,otuk
ricemagician,ricemagician
michaelybecker,michaelybecker
cotufaloschiflones,cotufaloschiflones
joshhartigan,joshhartigan
aha66,aha66
drcmda,drcmda
Fonserbc,Fonserbc
fredleefarr,fredleefarr
kamicane,kamicane
ageblade,ageblade
gmuehl,gmuehl
siddharthasandhu,siddharthasandhu
DusanT,DusanT
aliweed,aliweed
leonardook,leonardook
heltonitba,heltonitba
Eurydicee,Eurydicee
mprice1,mprice1
CodingPower472,CodingPower472
mmatthies,mmatthies
anagpuyol,anagpuyol
humbletim,humbletim
rashinema,rashinema
vbx,vbx
shushanpetrosyan,shushanpetrosyan
yokotsumo,yokotsumo
adeolafabola,adeolafabola
johnlauer,johnlauer
isaachinman,isaachinman
tomootes,tomootes
edgaralexanderfr,edgaralexanderfr
cmisura,cmisura
tuoxiansp,tuoxiansp
mattpolicastro,mattpolicastro
jmredfern,jmredfern
motleytech,motleytech
bennyschudel,bennyschudel
Misiur,Misiur
kylestew,kylestew
antoniobrandao,antoniobrandao
mcanet,mcanet
JackCA,JackCA
nosh247,nosh247
sachanacar,sachanacar
ajdunlap,ajdunlap
caldwell,caldwell
PetorialC,PetorialC
KhaledElAnsari,KhaledElAnsari
rohanbhangui,rohanbhangui
stlee0722,stlee0722
o1sound,o1sound
eddpascoal,eddpascoal
fenomas,fenomas
Venryx,Venryx
karlas,karlas
husky83,husky83
kabbi,kabbi
tinapi,tinapi
MickeyMouseS,MickeyMouseS
deathbearbrown,deathbearbrown
vonWolfehaus,vonWolfehaus
BillyRayPreachersSon,BillyRayPreachersSon
sahilshekhawat,sahilshekhawat
kjlubick,kjlubick
cub,cub
mhelsley,mhelsley
neilweinstock,neilweinstock
ExtremelySeriousChicken,ExtremelySeriousChicken
maloguertin,maloguertin
pdehaan,pdehaan
elliotstokes,elliotstokes
Verhoef-W,Verhoef-W
mvellon,mvellon
fr0th,fr0th
PaulineStich,PaulineStich
tetuyoko,tetuyoko
dhasenan,dhasenan
Elzean,Elzean
gandarez,gandarez
sapjax,sapjax
cschrumm,cschrumm
dsoni,dsoni
atebit,atebit
anonym19876,anonym19876
jpremkumar,jpremkumar
kkilictepe,kkilictepe
sheriffderek,sheriffderek
elmartinezinfo,elmartinezinfo
joecantonelli,joecantonelli
danger-mon,danger-mon
LuYaojing,LuYaojing
facadev,facadev
nicolas-van,nicolas-van
JDWardle,JDWardle
HappyOli,HappyOli
janvandenberg,janvandenberg
hikari-no-yume,hikari-no-yume
rewiko,rewiko
tustin2121,tustin2121
nyaaao,nyaaao
Squall290586,Squall290586
alkama,alkama
rustinlee,rustinlee
thmxv,thmxv
nakhleh,nakhleh
tmunz,tmunz
anath2,anath2
alphamax,alphamax
GuillaumeLeclerc,GuillaumeLeclerc
AlexRablau,AlexRablau
doggan,doggan
atwaves,atwaves
Xatpy,Xatpy
YemSalat,YemSalat
jonathanhooker,jonathanhooker
scotmos,scotmos
gooodguy,gooodguy
dragozov,dragozov
SpliFF,SpliFF
colenso,colenso
hacksalot,hacksalot
michaelmoritsugu,michaelmoritsugu
windwarrior,windwarrior
rakrockon,rakrockon
jcorreia,jcorreia
xyan190,xyan190
IDWMaster,IDWMaster
Sempran,Sempran
ulumi,ulumi
ErwanLP,ErwanLP
bcbirkhauser,bcbirkhauser
MarkusTieche,MarkusTieche
faceless105,faceless105
aweary,aweary
sokol124,sokol124
Zerod159,Zerod159
threepark,threepark
JoanColmenero,JoanColmenero
tiagosantana,tiagosantana
dmorton-eab,dmorton-eab
playerro,playerro
scisci,scisci
kriffe,kriffe
IMACS-Iain,IMACS-Iain
somerussian,somerussian
FahdEnnasri,FahdEnnasri
TrixterTheTux,TrixterTheTux
scowalt,scowalt
snovak,snovak
Rubiyooo,Rubiyooo
yutopp,yutopp
namelivia,namelivia
estock,estock
stianjensen,stianjensen
MagistrAVSH,MagistrAVSH
chrislloyd,chrislloyd
podgorskiy,podgorskiy
sagargurtu,sagargurtu
mayur5478,mayur5478
ccaymaz,ccaymaz
harrio,harrio
quinn,quinn
JurgenHannaert,JurgenHannaert
aycyang,aycyang
djrockin,djrockin
kevinwu,kevinwu
HetongWang,HetongWang
zwcoding,zwcoding
juniorrojas,juniorrojas
prafful13,prafful13
jspkiel,jspkiel
KingMaks,KingMaks
MaikSoriano,MaikSoriano
tqn,tqn
Kelsopher,Kelsopher
matteorr,matteorr
kbjz,kbjz
picacure,picacure
mbourne,mbourne
Corey-Maler,Corey-Maler
stuartpb,stuartpb
arctwelve,arctwelve
cpollard1001,cpollard1001
babakness,babakness
TheJaredWilcurt,TheJaredWilcurt
yqrashawn,yqrashawn
Brunni132,Brunni132
scones,scones
no-harm-in-trying,no-harm-in-trying
izaid,izaid
DethCount,DethCount
masap,masap
vbguyny,vbguyny
luigipacheco,luigipacheco
steveblue,steveblue
aoedipus,aoedipus
herzig,herzig
sreith1,sreith1
Lallassu,Lallassu
christopher4lis,christopher4lis
JanHammerschmidt,JanHammerschmidt
SmilePinkiePieIsHere,SmilePinkiePieIsHere
marcelvanherk,marcelvanherk
cojack,cojack
mkungla,mkungla
lazarmitic,lazarmitic
jkinman,jkinman
BenCidPerez,BenCidPerez
adgoncal,adgoncal
oemmes,oemmes
rdfriedl,rdfriedl
Sarah-C,Sarah-C
atnartur,atnartur
hidehalo,hidehalo
sylvain-abadie,sylvain-abadie
kusan-thana,kusan-thana
kschzt,kschzt
stilllearningthreejs,stilllearningthreejs
ngokevin,ngokevin
EvanDElia,EvanDElia
dman777,dman777
ccx01,ccx01
lyaunzbe,lyaunzbe
kilida,kilida
tewk,tewk
PetrTT,PetrTT
v22884,v22884
Marlowmz,Marlowmz
gpolyn,gpolyn
photonstorm,photonstorm
muhammadhisham,muhammadhisham
SrinivasPrabhu794,SrinivasPrabhu794
Thirupaa2,Thirupaa2
goumang2010,goumang2010
vanillaloveyou,vanillaloveyou
rayros,rayros
jtreher,jtreher
b3580737,b3580737
tiborsaas,tiborsaas
antaur59,antaur59
csuwildcat,csuwildcat
mike7a,mike7a
h1Modeling,h1Modeling
nikkimoreaux,nikkimoreaux
Rendxx,Rendxx
oros,oros
akjava,akjava
dlinning,dlinning
dandandan9,dandandan9
felistrs,felistrs
D-soldier,D-soldier
pjanik,pjanik
stephanedemotte,stephanedemotte
josendf,josendf
wowde,wowde
wzhsunn,wzhsunn
stevecsvihinka,stevecsvihinka
junelva,junelva
fab1an,fab1an
aferriss,aferriss
pyenthu,pyenthu
cogevito,cogevito
sosickstudio,sosickstudio
mlehel,mlehel
blq,blq
ajhalls,ajhalls
aftab-hassan,aftab-hassan
anhkhoi,anhkhoi
serenayl,serenayl
a-drew,a-drew
ezekeal,ezekeal
bakbuz,bakbuz
Hcely,Hcely
flik,flik
Borispp,Borispp
nk327,nk327
vitorabner,vitorabner
Sincoyw,Sincoyw
BroHammie,BroHammie
ksabariraj,ksabariraj
timgrossmann,timgrossmann
jereddanielson,jereddanielson
Symbian9,Symbian9
oomarsmanoo,oomarsmanoo
andrewbusch7,andrewbusch7
araikyegiazaryan,araikyegiazaryan
cd547,cd547
kornellvarga,kornellvarga
Noraxthuul,Noraxthuul
unclecheah,unclecheah
markskelton,markskelton
culeaalex,culeaalex
tlecoz,tlecoz
shanadeshana,shanadeshana
bwilytsch,bwilytsch
greenSnot,greenSnot
bonecast,bonecast
nicolettiant89,nicolettiant89
team4music,team4music
nidin,nidin
joaocraveiro,joaocraveiro
korczis,korczis
Lukeisme,Lukeisme
lolotoobo,lolotoobo
terkelg,terkelg
mercurius3000,mercurius3000
r-h36,r-h36
billiamliu,billiamliu
formalin14,formalin14
martikaljuve,martikaljuve
dlunhor,dlunhor
sophypal,sophypal
ThreeJSNewbie,ThreeJSNewbie
mbehnaam,mbehnaam
gerdsattler,gerdsattler
tw3eX,tw3eX
truulo,truulo
3lang3,3lang3
dcromley,dcromley
RaluuBluu,RaluuBluu
78pvc,78pvc
crecord,crecord
thomfoolery,thomfoolery
JakeSchroeder,JakeSchroeder
v3nt,v3nt
raurir,raurir
danila-grobov,danila-grobov
alexprut,alexprut
gelibolue,gelibolue
promerosenabre,promerosenabre
kevineschmidt,kevineschmidt
autr2,autr2
RicoLiu,RicoLiu
mhalle,mhalle
mncharity,mncharity
Glinkis,Glinkis
sishow,sishow
andrewhosgood,andrewhosgood
BengtGustafsson,BengtGustafsson
alvarosg88,alvarosg88
Thrivestudios,Thrivestudios
aaaabaker,aaaabaker
zhanghaowx,zhanghaowx
eggeral,eggeral
illuzen,illuzen
AlanGrid,AlanGrid
javanli,javanli
jarkonik,jarkonik
gvsharma,gvsharma
kaisalmen,kaisalmen
shaabhishek,shaabhishek
shanmugakumar,shanmugakumar
kdilayer,kdilayer
ctechdevelopment,ctechdevelopment
WANewbie,WANewbie
cnspaha,cnspaha
WingGao,WingGao
rares-lupascu,rares-lupascu
CoDanny,CoDanny
yinjiefeng,yinjiefeng
nidu,nidu
jvgeee,jvgeee
viromvrx,viromvrx
eddietree,eddietree
jarvis1024,jarvis1024
shanmugakumar-s,shanmugakumar-s
filiptubic,filiptubic
Reider,Reider
carmenbianca,carmenbianca
Duco19,Duco19
NumbuhFour,NumbuhFour
mrdumb,mrdumb
kamakshidasan,kamakshidasan
cjds,cjds
countable,countable
swomack,swomack
YousefED,YousefED
gauravrane,gauravrane
SntsDev,SntsDev
trumanus,trumanus
Dadadah,Dadadah
dannavon,dannavon
shand-obs,shand-obs
sehcheese,sehcheese
Jude-Austin,Jude-Austin
akira32chen,akira32chen
byAhmadAli,byAhmadAli
foumfo,foumfo
ninad1996,ninad1996
vaibhavmehtaa,vaibhavmehtaa
mikebourbeauart,mikebourbeauart
tmggit,tmggit
evejweinberg,evejweinberg
bot3d,bot3d
ashishrar,ashishrar
hector-del-rio,hector-del-rio
chazkii,chazkii
yellowandred,yellowandred
hakur,hakur
tomchambers2,tomchambers2
dpotekhin,dpotekhin
jonathanlurie,jonathanlurie
backspaces,backspaces
cozcinar,cozcinar
kexhest,kexhest
vinkla,vinkla
smurthy,smurthy
itsHcf,itsHcf
jbroberg,jbroberg
camilletownshend,camilletownshend
kautuksahni,kautuksahni
gogofight,gogofight
salomonelli,salomonelli
mikearmstrong001,mikearmstrong001
GianlucaGuarini,GianlucaGuarini
dirtybluejeans,dirtybluejeans
nadous,nadous
racway,racway
priyankatgit,priyankatgit
samcaulfield,samcaulfield
lovepsone,lovepsone
l3eta,l3eta
OpenGG,OpenGG
riotCode,riotCode
FlyApple,FlyApple
michaelitvin,michaelitvin
DrBearhands,DrBearhands
d-slv,d-slv
gilesbowkett,gilesbowkett
mustbeyouqq,mustbeyouqq
bhupi1588,bhupi1588
DustinJSilk,DustinJSilk
angelbhargava,angelbhargava
padjon,padjon
genu,genu
fzj3312,fzj3312
Topograph,Topograph
raymondwang13,raymondwang13
bluefchen,bluefchen
ToBeKedge,ToBeKedge
geduldig,geduldig
mudin3i,mudin3i
yn5,yn5
incinirate,incinirate
acopalipsis,acopalipsis
the-owl,the-owl
ZaWertun,ZaWertun
NMounir,NMounir
kdex,kdex
Rantanen,Rantanen
kfigiela,kfigiela
paulmelis,paulmelis
alan-wu,alan-wu
bgaurav7,bgaurav7
vijnasu,vijnasu
rocwind,rocwind
dbeecham,dbeecham
Amritesh,Amritesh
bakajin,bakajin
Fit2Page,Fit2Page
sbgeorge,sbgeorge
FonzTechBackup,FonzTechBackup
DavidWiebe,DavidWiebe
nagegerg,nagegerg
Verokster,Verokster
cybafelo,cybafelo
usefulthink,usefulthink
michaldybizbanski,michaldybizbanski
dushmis,dushmis
zgmunshi,zgmunshi
colejd,colejd
sunnystormy,sunnystormy
victorbhchua,victorbhchua
thomasyonug,thomasyonug
leximace91,leximace91
ianjt,ianjt
Adam-Meisen,Adam-Meisen
DarceyLloyd,DarceyLloyd
syarul,syarul
stewdio,stewdio
matrix0151,matrix0151
parth-gudhka,parth-gudhka
gabrielcramer,gabrielcramer
spiderworm,spiderworm
matthias77,matthias77
jimshell,jimshell
Jozain,Jozain
elipeters,elipeters
LR17,LR17
pastinepolenta,pastinepolenta
gvr37leo,gvr37leo
dlinstedt,dlinstedt
listenlin,listenlin
real-jamesbrown,real-jamesbrown
TyrealGray,TyrealGray
csmithro,csmithro
jellevlassenbroeck,jellevlassenbroeck
antonbagayev,antonbagayev
RossManson,RossManson
11samype,11samype
theDrGray,theDrGray
justshiv,justshiv
yoghesh,yoghesh
ericdrobinson,ericdrobinson
Joshy-dev,Joshy-dev
tpowellmeto,tpowellmeto
johnsonsudre,johnsonsudre
YaronHershkovitz,YaronHershkovitz
Kaivomania,Kaivomania
mjkaufer,mjkaufer
ibrahimAboelsuod,ibrahimAboelsuod
SenninSensei,SenninSensei
maymayw,maymayw
erno,erno
tomka,tomka
spinacius,spinacius
jarethgk,jarethgk
felixpalmer,felixpalmer
Alphatester01,Alphatester01
hdesouky,hdesouky
SamNPowers,SamNPowers
nihowjipa,nihowjipa
markcell,markcell
jonayruiz,jonayruiz
jin-yc10,jin-yc10
sjando,sjando
Currywurst,Currywurst
jensarps,jensarps
VasilyPolyakov,VasilyPolyakov
Hazarapet,Hazarapet
shreyass,shreyass
larsmoa,larsmoa
lennyraposo,lennyraposo
RebelMoogle,RebelMoogle
Abeer-Alsaiari,Abeer-Alsaiari
revillo,revillo
theseanzo,theseanzo
AccNeeder,AccNeeder
benbucksch,benbucksch
konsumer,konsumer
grantbi,grantbi
Javingka,Javingka
sepans,sepans
laurasubias,laurasubias
bertrandom,bertrandom
camfolio,camfolio
Frankling,Frankling
chamil-kandamby,chamil-kandamby
Inframatic,Inframatic
itymarcel,itymarcel
jaredmcqueen,jaredmcqueen
weddingdj,weddingdj
WulfP,WulfP
mistrysk,mistrysk
wouter140,wouter140
oleviolin,oleviolin
jonnyfinlay99,jonnyfinlay99
TimothyStiles,TimothyStiles
PaulSos,PaulSos
SudheendraSingh,SudheendraSingh
dazwin,dazwin
cnwander,cnwander
TomSlezakowski,TomSlezakowski
sergejey,sergejey
marklinmao,marklinmao
deostroll,deostroll
jjcc1421,jjcc1421
hlixed,hlixed
likexoo,likexoo
zazabe,zazabe
justinvh,justinvh
animeoakes,animeoakes
0jeng,0jeng
tiagopadua,tiagopadua
benoit-1842,benoit-1842
LSERRE,LSERRE
preziotte,preziotte
Tanbouz,Tanbouz
drs5ma,drs5ma
sirozzy,sirozzy
ivantisnyi,ivantisnyi
Richard004,Richard004
rafaelAFN,rafaelAFN
Fdadashi,Fdadashi
nofear87,nofear87
mangust404,mangust404
njam,njam
skezo,skezo
YingshanDeng,YingshanDeng
hwray,hwray
Faust2638,Faust2638
boulabiar,boulabiar
Bastcri,Bastcri
josefK128,josefK128
nwrobel,nwrobel
BramVM,BramVM
elifer5000,elifer5000
gavelino,gavelino
mingcen,mingcen
AkshayMathur92,AkshayMathur92
KelseyBlodgett,KelseyBlodgett
pomle,pomle
juzzlin,juzzlin
eriadel,eriadel
ZifRoot,ZifRoot
vilhelmjosander,vilhelmjosander
mortalV,mortalV
mattholl,mattholl
gadlol,gadlol
Rouzzy,Rouzzy
karankia,karankia
blokhin,blokhin
polyclick,polyclick
yanongena,yanongena
jackcaron,jackcaron
edboxin,edboxin
sarathsaleem,sarathsaleem
MarkCaswellSapient,MarkCaswellSapient
ice-ice,ice-ice
Arlen22,Arlen22
ipao9,ipao9
blksmth,blksmth
alexconlin,alexconlin
martynas-b,martynas-b
rgaino,rgaino
Harken91,Harken91
LuiSlacker,LuiSlacker
holmberd,holmberd
danielphil,danielphil
jeanlescure,jeanlescure
Tim-Kindberg,Tim-Kindberg
myxibrium,myxibrium
jesperll,jesperll
sonwh98,sonwh98
eudorias,eudorias
power7714,power7714
nexflo,nexflo
maciejzasada,maciejzasada
mjenek,mjenek
MattTarquin,MattTarquin
rimmartin,rimmartin
devchakraborty,devchakraborty
kakakakakku,kakakakakku
jgrizou,jgrizou
Materix,Materix
jerrina,jerrina
gagabla,gagabla
rclancey,rclancey
joshuakfarrar,joshuakfarrar
VadimKalinin,VadimKalinin
RuiOrey,RuiOrey
BionicRabbit3,BionicRabbit3
NicolasMaciol,NicolasMaciol
jagracar,jagracar
wuhao1117,wuhao1117
mataron,mataron
BeeShall,BeeShall
ezekg,ezekg
ninhva,ninhva
veleek,veleek
zydecode,zydecode
robcaa,robcaa
IceKhan13,IceKhan13
gak2,gak2
robhawkes,robhawkes
stheotok,stheotok
AbelianKraun,AbelianKraun
Neogene,Neogene
doambroa,doambroa
Tolmark12,Tolmark12
scplay,scplay
johnyesberg,johnyesberg
estani,estani
designzoo-peter,designzoo-peter
alexbogd,alexbogd
WarframeLotus,WarframeLotus
moynob,moynob
hadi1709,hadi1709
kampfgnu,kampfgnu
birgersp,birgersp
anfelor,anfelor
Silvaire,Silvaire
rethink-rlinsalata,rethink-rlinsalata
jeffal,jeffal
Gray1989,Gray1989
mireniers,mireniers
rlthomasgames,rlthomasgames
peterpetpet,peterpetpet
chuzhu,chuzhu
andrewvarga,andrewvarga
andreb07,andreb07
jangdan,jangdan
kozec,kozec
nlogax2,nlogax2
jkarbows,jkarbows
mhickey,mhickey
Bab64,Bab64
luruke,luruke
385,385
JonLim,JonLim
nojvek,nojvek
Jaredmmx,Jaredmmx
DmitryFX,DmitryFX
mauriciomassaia,mauriciomassaia
foorjdev,foorjdev
tinajohnson,tinajohnson
rustedwolf,rustedwolf
ChrGriffin,ChrGriffin
AAAIII,AAAIII
wassname,wassname
manrajgrover,manrajgrover
kmrrakesh,kmrrakesh
GiorgioMartini,GiorgioMartini
curti55,curti55
btelles,btelles
shahge,shahge
ZhengGuibing,ZhengGuibing
mikebolt,mikebolt
Nefsen402,Nefsen402
lepus2,lepus2
AielloChan,AielloChan
gregui,gregui
sashok1337,sashok1337
meta-meta,meta-meta
raul-ortega,raul-ortega
CaseJnr,CaseJnr
fsparv,fsparv
pchen66,pchen66
Kjos,Kjos
emileswain,emileswain
jackiboy,jackiboy
cheton,cheton
liuyuanpeng,liuyuanpeng
airycanon,airycanon
SkyWeb-it,SkyWeb-it
bglima,bglima
minkcv,minkcv
senior-js,senior-js
arunkkarepu,arunkkarepu
passariello,passariello
zettix,zettix
Kaniber,Kaniber
RParkerE,RParkerE
jleefe92,jleefe92
newCheng,newCheng
jya126,jya126
detyang,detyang
fridary,fridary
yck011522,yck011522
yamahigashi,yamahigashi
neszt,neszt
dolanmiu,dolanmiu
andrewhodel,andrewhodel
Critical-Li,Critical-Li
yahyavi,yahyavi
TrevorDev,TrevorDev
v-kat,v-kat
Doeke,Doeke
malikolivier,malikolivier
siahlah,siahlah
schubboy,schubboy
sjlynch,sjlynch
almeidais,almeidais
not7cd,not7cd
stu-sam,stu-sam
garsidestephen,garsidestephen
Stracx,Stracx
KoenT-X,KoenT-X
gchoqueux,gchoqueux
Immugio,Immugio
willbamford,willbamford
kait85,kait85
imssimi,imssimi
Eta92,Eta92
Bellski,Bellski
WiltonAlger,WiltonAlger
jhelf,jhelf
deejbee,deejbee
ianhbell,ianhbell
matthemsteger,matthemsteger
DanielAChandler,DanielAChandler
Ulden,Ulden
cgabard,cgabard
BryceEWatson,BryceEWatson
guptasagar,guptasagar
SimPru,SimPru
coolgod,coolgod
webbiesdk,webbiesdk
hiaselhans,hiaselhans
nektro,nektro
owntheweb,owntheweb
filipecaixeta,filipecaixeta
qszhusightp,qszhusightp
BugGambit,BugGambit
codeka,codeka
sbarex,sbarex
wolfmanfx,wolfmanfx
rbozan,rbozan
iamdriz,iamdriz
JohnnyDevNull,JohnnyDevNull
DomHey,DomHey
zouidi,zouidi
cjsb,cjsb
oscaruhp,oscaruhp
ZelimDamian,ZelimDamian
Jordumus,Jordumus
shubh54,shubh54
joshkpeterson,joshkpeterson
arpo,arpo
shellka,shellka
kiraLinden,kiraLinden
davegirdy,davegirdy
atj1979,atj1979
bumblehead,bumblehead
soapann,soapann
adriaanbalt,adriaanbalt
JamesLawrenceGSI,JamesLawrenceGSI
iambumblehead,iambumblehead
danielalam,danielalam
toxicFork,toxicFork
Garrettlynch,Garrettlynch
T1l3,T1l3
tbalouet,tbalouet
leroyron-zz,leroyron-zz
DmitryTrofimov32,DmitryTrofimov32
tmaric,tmaric
triptec,triptec
famousinteractive,famousinteractive
Ingejavier,Ingejavier
Ehnn,Ehnn
rcchen,rcchen
Fract01,Fract01
surock,surock
jamesEBS,jamesEBS
santiagonieto,santiagonieto
Setaper,Setaper
lhaussknecht,lhaussknecht
evrt,evrt
jacobfriedman,jacobfriedman
ajax333221,ajax333221
inolen,inolen
jonroberts,jonroberts
mika-co,mika-co
gorebill,gorebill
elisherer,elisherer
Rotiahn,Rotiahn
aparfeno,aparfeno
rlxor74,rlxor74
vykesAA,vykesAA
Dhaimoran,Dhaimoran
Oleg1987,Oleg1987
Hounddog,Hounddog
Scorpionsc,Scorpionsc
javierwang,javierwang
Didji,Didji
af3290,af3290
xurubin,xurubin
jbferlet,jbferlet
sn6uv,sn6uv
Gab-Z,Gab-Z
Totorman,Totorman
pstkweb,pstkweb
pmolsen,pmolsen
TheLegendAli,TheLegendAli
Skarafaz,Skarafaz
philworthy,philworthy
lucaspiller,lucaspiller
gonzoramos,gonzoramos
juancamiloestela,juancamiloestela
cRhodan,cRhodan
beakie,beakie
sechenov,sechenov
BrianMonks,BrianMonks
thiagotognoli,thiagotognoli
dflynn15,dflynn15
dusave,dusave
reedlaw,reedlaw
zimbatm,zimbatm
adrianengine,adrianengine
slaver113,slaver113
tigranmt,tigranmt
aleGrazioli,aleGrazioli
MisinformedDNA,MisinformedDNA
ejongejans,ejongejans
jiteshvm,jiteshvm
Borodin,Borodin
dadokkio,dadokkio
michaeljgilmore,michaeljgilmore
vladikoff,vladikoff
craftsman-don,craftsman-don
zcbenz,zcbenz
GanMatt,GanMatt
angelxuanchang,angelxuanchang
powtac,powtac
jherrm,jherrm
3plusalpha,3plusalpha
piglite,piglite
limak73,limak73
HaystackHQ,HaystackHQ
mal3k,mal3k
ophiocus,ophiocus
olcaysah,olcaysah
bartdeboer,bartdeboer
dgreenny,dgreenny
srivathsas88,srivathsas88
Fab1en,Fab1en
herve3d,herve3d
emmanuelchauvin,emmanuelchauvin
davnec,davnec
Krosan89,Krosan89
digitalwm,digitalwm
yegorov-p,yegorov-p
asg-3d,asg-3d
Seb-C,Seb-C
milanchandna,milanchandna
firendust,firendust
tomconroy,tomconroy
rscottfree,rscottfree
victorporof,victorporof
legolas08,legolas08
akshaysrin,akshaysrin
perry64,perry64
ar06614,ar06614
tailless,tailless
usuariodeteste,usuariodeteste
shadyhill,shadyhill
bak85,bak85
themaninblue,themaninblue
NightElfik,NightElfik
gcasalis,gcasalis
stphnthiel,stphnthiel
zweezo,zweezo
schaeve,schaeve
22degrees,22degrees
pabloj,pabloj
rewb0rn,rewb0rn
vijith,vijith
codahk,codahk
playpianolikewoah,playpianolikewoah
samluescher,samluescher
Guyver,Guyver
fjordside,fjordside
chunersplash,chunersplash
aspirin-Tony,aspirin-Tony
stefanovalenza,stefanovalenza
amurienne,amurienne
voondo,voondo
Julz666,Julz666
shaharz,shaharz
dudeofawesome,dudeofawesome
Bucher0617,Bucher0617
moondev,moondev
hannazhang,hannazhang
Ezzat,Ezzat
sergeywebgl,sergeywebgl
renicivan,renicivan
lost-guadelenn,lost-guadelenn
ROMB,ROMB
CoryG89,CoryG89
lptrung,lptrung
vutran,vutran
Mahdi7s,Mahdi7s
poeschko,poeschko
julien-prado,julien-prado
baseten,baseten
EVABLACKX,EVABLACKX
oussama-sabra,oussama-sabra
unltdsoul,unltdsoul
meawoppl,meawoppl
vfolunin,vfolunin
gotti23,gotti23
hsmanfroi,hsmanfroi
ranzhai,ranzhai
wDevil,wDevil
l1bbcsg,l1bbcsg
bmarshall511,bmarshall511
ettolo,ettolo
HuTo81,HuTo81
MMstr,MMstr
amachado123,amachado123
madame,madame
Zephalon,Zephalon
Excubitor,Excubitor
galeorhinus,galeorhinus
tricard,tricard
BlackScorp,BlackScorp
lucboutier,lucboutier
jahneeM3,jahneeM3
mirceapiturca,mirceapiturca
aldokocha,aldokocha
xxorax,xxorax
PCoelho,PCoelho
jiebaoer,jiebaoer
djwebdev,djwebdev
kyndtp,kyndtp
vardit1988,vardit1988
owkwen,owkwen
s0235499,s0235499
MikeG76,MikeG76
alextz,alextz
Oggy76,Oggy76
sanks,sanks
dncruygun,dncruygun
dianseptiana,dianseptiana
Sunwinds,Sunwinds
zoowii,zoowii
pavelgj,pavelgj
Shyghar,Shyghar
xavicolomer,xavicolomer
github12345,github12345
bqx,bqx
wensixing,wensixing
kugelfisch,kugelfisch
ange63,ange63
Frankgrandson,Frankgrandson
rashadkm,rashadkm
rippertnt,rippertnt
cabbibo,cabbibo
jmodlin,jmodlin
dramplou,dramplou
v-ulitin,v-ulitin
mcjfunk,mcjfunk
srepczyn,srepczyn
wereHamster,wereHamster
konashark,konashark
despeset,despeset
jasonjifly,jasonjifly
Vodkacannon,Vodkacannon
jogxn,jogxn
kmalkic,kmalkic
buffpojken,buffpojken
Sombressoul,Sombressoul
dwilhelm89,dwilhelm89
jimcao,jimcao
yorgsite,yorgsite
b4ndi92,b4ndi92
nathanleclaire,nathanleclaire
phoboslab,phoboslab
ramayer,ramayer
MrViSiOn,MrViSiOn
Gabana,Gabana
starbuck19,starbuck19
isxam,isxam
yanhaijing,yanhaijing
lhwparis,lhwparis
nuthinking,nuthinking
larkis,larkis
indus,indus
SJRoy,SJRoy
Fktrcfylh,Fktrcfylh
jihoonl,jihoonl
sanvie,sanvie
dchapkine,dchapkine
smorsi,smorsi
gzmo,gzmo
eirikurn,eirikurn
BlackSudo,BlackSudo
tsogoo,tsogoo
shinancao,shinancao
psychok7,psychok7
iontom,iontom
Shoodini,Shoodini
pmioni,pmioni
TheExDeus,TheExDeus
js08,js08
firefly-x,firefly-x
koko-ng,koko-ng
cobzcs,cobzcs
evsward,evsward
erossignon,erossignon
andyburke,andyburke
WolfgangFellger,WolfgangFellger
BrendanAnnable,BrendanAnnable
damon-rand,damon-rand
paulmillr,paulmillr
xminkax,xminkax
wezy01,wezy01
danisem,danisem
vogonistic,vogonistic
egohost,egohost
edwardsp,edwardsp
twagvijay,twagvijay
pksunkara,pksunkara
cellerk,cellerk
gkhatwani,gkhatwani
nelson-joseph,nelson-joseph
mixalbl4-127,mixalbl4-127
STRd6,STRd6
roed,roed
xtrasmal,xtrasmal
jasondavies,jasondavies
rajo,rajo
Xarun,Xarun
Fiona0205,Fiona0205
huipengyu,huipengyu
amursky-zz,amursky-zz
ivanckt,ivanckt
fabien-h,fabien-h
clemzio,clemzio
bholzman,bholzman
EmilioDrax,EmilioDrax
janecd,janecd
RobbeR,RobbeR
air,air
devmao,devmao
ahmadsholehin,ahmadsholehin
rafaelrinaldi,rafaelrinaldi
chrismcmath,chrismcmath
gearfreak,gearfreak
asstuties,asstuties
fiso,fiso
NTaylorMullen,NTaylorMullen
kbengine,kbengine
jdaziz,jdaziz
markbreneman,markbreneman
rajbot,rajbot
circlegarage,circlegarage
RobbieOnGithub,RobbieOnGithub
timoxley,timoxley
WizPip,WizPip
dnr,dnr
mdeck,mdeck
neulf,neulf
adrianmiranda,adrianmiranda
szepeviktor,szepeviktor
blackredhorse,blackredhorse
schulzch,schulzch
gavrilovmiroslav,gavrilovmiroslav
Irrelon,Irrelon
rayliu,rayliu
motin,motin
bufferhacker,bufferhacker
gagern,gagern
bitinn,bitinn
bjacob,bjacob
zupy39,zupy39
salguodnz,salguodnz
yessohk,yessohk
paveldk,paveldk
ertunchulya,ertunchulya
trooperos,trooperos
talestk,talestk
francisl,francisl
wellcaffeinated,wellcaffeinated
tarelli,tarelli
imrefazekas,imrefazekas
Bartoaster,Bartoaster
Alnoroid,Alnoroid
dgossow,dgossow
giamak,giamak
opiispanen,opiispanen
varomix,varomix
d4goxn,d4goxn
amainejr,amainejr
qagwaai,qagwaai
chpalatinus,chpalatinus
2pha,2pha
flyingfan,flyingfan
Janpot,Janpot
michaelbergin,michaelbergin
19snoopy72,19snoopy72
edu-asmaa,edu-asmaa
Elgaeb,Elgaeb
risco-1989,risco-1989
satourne,satourne
lucasmotta,lucasmotta
JoeDoyle23,JoeDoyle23
FuzzkingCool,FuzzkingCool
johanholwerda,johanholwerda
hthetiot,hthetiot
bebensiganteng,bebensiganteng
MrIsaacs,MrIsaacs
vikerman,vikerman
batuhanc,batuhanc
egradman,egradman
Drakemor,Drakemor
diegolanda,diegolanda
jbrownlee,jbrownlee
qboileau,qboileau
evanw,evanw
berengard,berengard
Vicon,Vicon
arpego,arpego
bradfordbarr,bradfordbarr
dajva,dajva
wangrenjie,wangrenjie
danny,danny
rfaga,rfaga
cdc-ro,cdc-ro
Nicole-W,Nicole-W
morocarlo,morocarlo
damienromito,damienromito
unindented,unindented
robinpyon,robinpyon
diclophis,diclophis
briseis,briseis
SunboX,SunboX
Santarh,Santarh
poudro,poudro
zyklus303,zyklus303
sebleedelisle,sebleedelisle
kruelintent,kruelintent
stigrv,stigrv
adder,adder
suudoh,suudoh
awSB,awSB
spool,spool
giaptd,giaptd
AndyOGo,AndyOGo
plattsa,plattsa
chanakyabhardwajj,chanakyabhardwajj
screamsterz,screamsterz
hayfield,hayfield
lboecker,lboecker
NDZ,NDZ
mikecann,mikecann
hackwebber,hackwebber
SideraX,SideraX
orangelee,orangelee
jojoblaze,jojoblaze
magnetised,magnetised
StephenHopkins,StephenHopkins
erniebrodeur,erniebrodeur
jwgiese,jwgiese
Egisto,Egisto
luzc,luzc
johndyer,johndyer
disolovyov,disolovyov
trongthanh,trongthanh
zissnar,zissnar
orpheuslummis,orpheuslummis
sngls,sngls
pkrzyzaniak,pkrzyzaniak
smarek,smarek
vecego,vecego
IrenIvy,IrenIvy
vance,vance
boombaby,boombaby
awest-swe,awest-swe
jstin,jstin
PaulVincent,PaulVincent
jankolkmeier,jankolkmeier
Codeguyross,Codeguyross
carlcalderon,carlcalderon
chipsn,chipsn
leecarrotte,leecarrotte
diogorg,diogorg
jonemo,jonemo
skython,skython
mannytan,mannytan
gabemolochko,gabemolochko
qambard,qambard
limered,limered
draivin,draivin
laure,laure
morfeus87,morfeus87
rledezma,rledezma
Anima-t3d,Anima-t3d
vielos,vielos
uuuma,uuuma
Maksold,Maksold
inohiro,inohiro
123himani,123himani
VanCoding,VanCoding
ilians,ilians
kyleshay,kyleshay
asterd,asterd
gchaprnka,gchaprnka
LachlanAhren,LachlanAhren
geoffreak,geoffreak
rnaud,rnaud
pebbie,pebbie
CasperPas,CasperPas
sbussard,sbussard
mortiy,mortiy
hurton,hurton
arjenblitz,arjenblitz
domme,domme
georgealways,georgealways
daemonburrito,daemonburrito
et-nowis,et-nowis
iharosi,iharosi
grindtildeath,grindtildeath
tilmanb,tilmanb
krava77,krava77
hatakekakashi,hatakekakashi
mark-a,mark-a
niklasf,niklasf
Inscrutabilis,Inscrutabilis
icidasset,icidasset
sr3d,sr3d
julianwa,julianwa
mindlapse,mindlapse
markmarkoh,markmarkoh
kapilreddy,kapilreddy
tbuser,tbuser
mohamedmansour,mohamedmansour
timjb,timjb
dandrei,dandrei
ojii,ojii
alivedise,alivedise
cykod,cykod
splatcollision,splatcollision
kenlung,kenlung
sylvainpolletvillard,sylvainpolletvillard
snorris,snorris
Dandandan,Dandandan
FrEaKmAn,FrEaKmAn
mariuz,mariuz
misandov,misandov
metal3d,metal3d
aexol,aexol
DenMSC,DenMSC
Chemika,Chemika
nanthas,nanthas
yyx990803,yyx990803
jeetee,jeetee
vigrul,vigrul
kirkegaard,kirkegaard
nicokruithof,nicokruithof
ljmatkins,ljmatkins
Tjomas,Tjomas
01miru,01miru
vjeux,vjeux
fazeaction,fazeaction
klausl,klausl
chesterd,chesterd
rowanc1,rowanc1
tadaskrisciunas,tadaskrisciunas
Acta,Acta
tehbelinda,tehbelinda
straley,straley
onkar4in,onkar4in
WaZz2,WaZz2
steren,steren
jwedekin,jwedekin
andy-dorman,andy-dorman
edtalmadge,edtalmadge
Martin1982,Martin1982
japfree,japfree
dreammaster38,dreammaster38
markooz,markooz
nardove,nardove
rdad,rdad
Qaaj,Qaaj
seth-visere,seth-visere
adammw,adammw
JasonSage,JasonSage
ilyabo,ilyabo
DavidBradbury,DavidBradbury
lancejpollard,lancejpollard
UweFuchs,UweFuchs
masel,masel
deonis,deonis
Maxweel,Maxweel
Spongman,Spongman
homam,homam
phunkei,phunkei
Sillycon,Sillycon
Blimster,Blimster
lavelle,lavelle
davidsoderstrom,davidsoderstrom
darrenince,darrenince
futjikato,futjikato
smashingpixelsindia,smashingpixelsindia
winofsql,winofsql
michelediegoli,michelediegoli
bengolder,bengolder
pblasco,pblasco
yukulele,yukulele
kujon,kujon
shlainn,shlainn
SirMartin,SirMartin
andrewgodwin,andrewgodwin
suhasHere,suhasHere
chkpk,chkpk
MixedPreview,MixedPreview
skuroda,skuroda
profelis,profelis
sh000e,sh000e
sangramdange,sangramdange
beatgammit,beatgammit
lucidstack,lucidstack
SergioMSCosta,SergioMSCosta
MathieuLoutre,MathieuLoutre
autarc,autarc
AppleTea,AppleTea
joloco,joloco
lukebitts,lukebitts
olivergs,olivergs
chrisdew,chrisdew
dayweek,dayweek
DanielRuf,DanielRuf
Ceejay9966,Ceejay9966
scottrabin,scottrabin
AlexZeitler,AlexZeitler
irshad-k,irshad-k
peiyu,peiyu
worldswidestweb,worldswidestweb
haroonob,haroonob
datatan2,datatan2
poshaughnessy,poshaughnessy
jsasker,jsasker
awardell,awardell
NikitaGupta,NikitaGupta
steffen,steffen
Kaworru,Kaworru
fsodano,fsodano
jicksta,jicksta
robclouth,robclouth
gb96,gb96
huwb,huwb
lchevalier,lchevalier
mastershadow,mastershadow
meckanism,meckanism
suntin,suntin
rovshenn,rovshenn
rowdyroad,rowdyroad
yeuchi,yeuchi
remybach,remybach
addadi,addadi
fritzm,fritzm
amari,amari
asutherland,asutherland
cnicdawning,cnicdawning
wtholliday,wtholliday
madlion,madlion
keeffEoghan,keeffEoghan
TR101,TR101
birkin169,birkin169
SargoDarya,SargoDarya
saimaali,saimaali
ngitalis,ngitalis
ted-dunstone,ted-dunstone
choyongjoon,choyongjoon
donny-dont,donny-dont
mcteapot,mcteapot
aleksandrbazhin,aleksandrbazhin
leconcepteur,leconcepteur
Bigus,Bigus
tedor,tedor
nulpoet,nulpoet
chrispf,chrispf
Sarkie,Sarkie
gts101,gts101
towerrounder,towerrounder
q-depot,q-depot
yixx,yixx
mikeehpk,mikeehpk
sushant24,sushant24
CheapBastard,CheapBastard
vianney7009,vianney7009
mschwebl,mschwebl
ejuve,ejuve
davidonet,davidonet
aastudio,aastudio
pauliolio,pauliolio
web0x0,web0x0
jzaefferer,jzaefferer
miki725,miki725
ArgentiApparatus,ArgentiApparatus
sieroka,sieroka
andmar1x,andmar1x
fennefoss,fennefoss
grorg,grorg
olyc3,olyc3
kingseaeast,kingseaeast
warpech,warpech
sasa42,sasa42
mway,mway
GMTurbo,GMTurbo
Xroy,Xroy
gtg750x,gtg750x
HealthLi,HealthLi
gslshbs,gslshbs
iamarmor,iamarmor
tonylukasavage,tonylukasavage
deeb,deeb
hasousa,hasousa
plelevier,plelevier
yomer,yomer
edmellum,edmellum
nunocruz,nunocruz
bigweeble,bigweeble
JackUrb,JackUrb
ChronoDK,ChronoDK
thomasmattheussen,thomasmattheussen
DocLabyrinth,DocLabyrinth
faroer,faroer
fabrantes,fabrantes
OgmiosBe,OgmiosBe
bloublou,bloublou
msanterre,msanterre
dmoena,dmoena
curyous,curyous
samccone,samccone
jwrush,jwrush
njmcode,njmcode
andrew-pause,andrew-pause
AdamSpitz,AdamSpitz
AnalogRobot,AnalogRobot
jeet232,jeet232
MichaBe,MichaBe
dominicbartl,dominicbartl
skpathak,skpathak
dheerajkumar,dheerajkumar
krisher,krisher
diegosax,diegosax
mansoor-s,mansoor-s
markusv,markusv
raramayo,raramayo
littlejump,littlejump
prasincs,prasincs
dnkwkgv,dnkwkgv
Treant,Treant
labe-me,labe-me
netshade,netshade
p8mode,p8mode
darkbrain-fc,darkbrain-fc
eskimomatt,eskimomatt
wonc,wonc
johnmastri,johnmastri
scrubs,scrubs
BetweenGoodAndEvil,BetweenGoodAndEvil
aboeing,aboeing
adamRenny,adamRenny
funnylookinhat,funnylookinhat
subhankarc,subhankarc
horsman,horsman
dennispassway,dennispassway
alexeyuzlov,alexeyuzlov
saurabh10487,saurabh10487
bbiswas,bbiswas
robertoranon,robertoranon
apiva,apiva
york026,york026
meroua,meroua
rnorris7756,rnorris7756
YonatanKra,YonatanKra
cjdarken,cjdarken
Subimago,Subimago
pchasco,pchasco
gitliuyudong,gitliuyudong
netoale,netoale
grinner,grinner
futagoza,futagoza
stokewoggle,stokewoggle
jo3w4rd,jo3w4rd
andrew-luhring,andrew-luhring
zonez,zonez
bsgg,bsgg
poulibou,poulibou
luizinformant,luizinformant
ssatguru,ssatguru
rismanrp,rismanrp
iyosifov,iyosifov
amatigianc,amatigianc
alldne,alldne
viliwonka,viliwonka
johanjordaan,johanjordaan
holgerl,holgerl
watilde,watilde
riasol,riasol
taylorius,taylorius
fjanon,fjanon
nasawz,nasawz
kylemcdonald,kylemcdonald
CowTail,CowTail
bradsimantel,bradsimantel
beer4duke,beer4duke
Rajitha75,Rajitha75
dsine-de,dsine-de
yrs19,yrs19
jwdunn1,jwdunn1
designbylefty,designbylefty
cihadturhan,cihadturhan
Niekes,Niekes
prasht63,prasht63
bahtiyarkaba,bahtiyarkaba
Emasoft,Emasoft
kswope,kswope
mofog,mofog
d-bose,d-bose
glenn-de-backer,glenn-de-backer
Imp-Tech,Imp-Tech
CVex2150J,CVex2150J
sandover,sandover
wimbarelds,wimbarelds
rahellyg,rahellyg
rimaic,rimaic
willdady,willdady
laserpanda,laserpanda
astone282,astone282
alireza93,alireza93
Honda04,Honda04
kdog1425,kdog1425
eran10,eran10
josdirksen,josdirksen
agudovitoria,agudovitoria
greenBene,greenBene
Moronicjoker,Moronicjoker
ajhsu,ajhsu
Bulisor,Bulisor
mudcube,mudcube
artrol,artrol
ZhanruiLiang,ZhanruiLiang
flea89,flea89
vancemiller,vancemiller
ThanosSar,ThanosSar
Friksel,Friksel
mattmas,mattmas
Canta,Canta
RonenNess,RonenNess
JoeyEremondi,JoeyEremondi
dqnykamp,dqnykamp
FreyBunin,FreyBunin
team-ultra,team-ultra
snehabdh,snehabdh
falkolab,falkolab
timgluz,timgluz
is-real,is-real
scothis,scothis
brianushman,brianushman
msadev,msadev
andrewphillipheil,andrewphillipheil
MehdiFoudhaili,MehdiFoudhaili
gazliddon,gazliddon
SaariTech,SaariTech
wonglok,wonglok
onthemoonboy,onthemoonboy
homma-ge,homma-ge
SkeLLLa,SkeLLLa
IvanGaravito,IvanGaravito
Joosua,Joosua
PatrickJS,PatrickJS
brentwientjes,brentwientjes
ijx33,ijx33
kasadelic,kasadelic
dustyfox,dustyfox
nme01,nme01
handsome-b-wonderful,handsome-b-wonderful
araid,araid
Pumuckl007,Pumuckl007
rapodaca,rapodaca
tiye,tiye
leonardofl,leonardofl
jligda,jligda
nbirkbeck,nbirkbeck
rolintoucour,rolintoucour
JoenyBui,JoenyBui
jcketz,jcketz
julien-moreau,julien-moreau
xxdaggerxx,xxdaggerxx
netcy,netcy
enriko-riba,enriko-riba
bgirard,bgirard
warycat,warycat
padzikm,padzikm
cafeoh,cafeoh
Bretto,Bretto
webgluser,webgluser
mparker11,mparker11
lampe,lampe
lpoignant,lpoignant
WhySoSilent,WhySoSilent
SarkyKeshy,SarkyKeshy
rennat,rennat
srinag63,srinag63
WasabiFan,WasabiFan
jhludwig,jhludwig
arthurjdam,arthurjdam
AdrienMorgan,AdrienMorgan
kuberlog,kuberlog
fanyiinfo,fanyiinfo
omidgharib,omidgharib
zaykho,zaykho
r03ert0,r03ert0
mbeis,mbeis
Merynek,Merynek
stimg,stimg
bhanuprakash532,bhanuprakash532
jbouny,jbouny
dte,dte
vandixhoorn,vandixhoorn
ricserje,ricserje
sadtaco,sadtaco
bbeausej,bbeausej
traflaz,traflaz
adeshpandey,adeshpandey
fscur,fscur
aasthatuteja,aasthatuteja
xgibbousx,xgibbousx
prince-albert,prince-albert
mattijle,mattijle
whizzkid,whizzkid
czanella,czanella
WaxFrog,WaxFrog
brandis,brandis
georgwiese,georgwiese
Ovid,Ovid
iandanforth,iandanforth
slove13,slove13
piyush0707,piyush0707
humu2009,humu2009
martsan,martsan
vladgaidukov,vladgaidukov
ebeit303,ebeit303
robson-fernandes,robson-fernandes
gnetsys,gnetsys
whitelynx,whitelynx
basarat,basarat
nickjer,nickjer
svenpilz,svenpilz
ArEnSc,ArEnSc
mLuby,mLuby
gabrielstuff,gabrielstuff
hammeron-art,hammeron-art
a5e,a5e
mdufresne,mdufresne
CoderCat84,CoderCat84
JohnMcLear,JohnMcLear
caranicas,caranicas
Colmea,Colmea
peirix,peirix
sbuys,sbuys
SyntaxRules,SyntaxRules
ChaosCrystal,ChaosCrystal
AndreGCRamos,AndreGCRamos
neilfinlayson,neilfinlayson
SammanitaP,SammanitaP
mdeem,mdeem
Juyou,Juyou
gutlezaa,gutlezaa
hamoid,hamoid
Thor88,Thor88
premasagar,premasagar
deignacio,deignacio
marxjb,marxjb
cywarr,cywarr
sergiubucur,sergiubucur
skevy,skevy
felipenmoura,felipenmoura
adashrod,adashrod
brett19,brett19
jbjares,jbjares
antonkulaga,antonkulaga
patrio,patrio
hodatovich,hodatovich
lJvRl,lJvRl
ChrisBence,ChrisBence
wayou,wayou
OlexandrPopov,OlexandrPopov
klern,klern
AaronMeyers,AaronMeyers
damnhalfling,damnhalfling
EloB,EloB
iallai,iallai
dejapong,dejapong
LucasBertrand,LucasBertrand
evoskova,evoskova
fwmiller,fwmiller
programmer4web,programmer4web
brianfitzgerald,brianfitzgerald
shoaib07860,shoaib07860
joeyhub,joeyhub
imvan32,imvan32
bmustata,bmustata
slawrence,slawrence
avimosher,avimosher
loopless,loopless
crimpy,crimpy
CarpeFunSoft,CarpeFunSoft
BrownBear2,BrownBear2
nicoraf,nicoraf
kangax,kangax
RdlP,RdlP
amiller27,amiller27
denzp,denzp
JohnAnthony,JohnAnthony
david02871,david02871
guardianblue,guardianblue
helxsz,helxsz
adamgiacomelli,adamgiacomelli
kfurmann,kfurmann
programulya,programulya
JosephShering,JosephShering
johnsix,johnsix
dfvg,dfvg
delapuente,delapuente
Fygo,Fygo
jlaquinte,jlaquinte
Rexus21,Rexus21
goodsign,goodsign
drawcall,drawcall
chinasdu,chinasdu
mootshell,mootshell
sagyeli,sagyeli
code-andres,code-andres
judax,judax
mickeyranger,mickeyranger
ibachar,ibachar
makranelhoucine,makranelhoucine
kevalshah90,kevalshah90
netantho,netantho
RamirezAlex,RamirezAlex
NQShabazz,NQShabazz
operandom,operandom
erymski,erymski
bobby-alfaridzhi,bobby-alfaridzhi
nocksock,nocksock
serapth,serapth
mikecantor,mikecantor
ganesh1979,ganesh1979
Atypix,Atypix
rawphl,rawphl
akre54,akre54
person594,person594
wildabrek,wildabrek
mhintz,mhintz
moglie,moglie
h3rb,h3rb
siebeneicher,siebeneicher
Gerhman,Gerhman
laserallan,laserallan
inv-christian,inv-christian
bloublou2014,bloublou2014
Bouh,Bouh
arunkumarcs6,arunkumarcs6
GoschiWoschi,GoschiWoschi
JeramieH,JeramieH
jackypan1989,jackypan1989
stefankutko,stefankutko
mtyang,mtyang
qaisarirfan,qaisarirfan
bwang29,bwang29
psvensson,psvensson
fbreuer,fbreuer
CostanzoPablo,CostanzoPablo
drborges,drborges
sagarquad,sagarquad
vonture,vonture
Arsakes,Arsakes
Siroko,Siroko
jamesmfriedman,jamesmfriedman
ben-x9,ben-x9
krzysztof-hellostudio,krzysztof-hellostudio
GoulMeur,GoulMeur
RoryDuncan,RoryDuncan
MaramWadi,MaramWadi
unrealsid,unrealsid
BruceYong,BruceYong
cjishnu,cjishnu
HelixGardenIndustries,HelixGardenIndustries
ErikSom,ErikSom
yangchristian,yangchristian
Silverks,Silverks
laocan,laocan
marko-knoebl,marko-knoebl
ckopins,ckopins
jesusowins,jesusowins
LacraCorcodel,LacraCorcodel
Apalatn,Apalatn
happyili,happyili
Zjelco,Zjelco
anilbhendarkar,anilbhendarkar
drewp,drewp
morris,morris
DanielJoyce,DanielJoyce
rohanhalliyal,rohanhalliyal
andrubry,andrubry
yatesjdy,yatesjdy
dongjinsuo,dongjinsuo
r0123r,r0123r
brandonrodriguez,brandonrodriguez
VitOliv,VitOliv
amboy00,amboy00
badjano,badjano
Incubatio,Incubatio
xanxys,xanxys
pontifechs,pontifechs
chmp,chmp
solsword,solsword
iestynx,iestynx
Lightnet,Lightnet
robertocorrales,robertocorrales
SimonVZ,SimonVZ
chiehming,chiehming
yammelvin,yammelvin
yuhsiangpai,yuhsiangpai
mloskot,mloskot
david-hagar,david-hagar
dr3d,dr3d
tbo,tbo
tehdiplomat,tehdiplomat
alexcasalboni,alexcasalboni
greenish,greenish
matichek,matichek
krodelabestiole,krodelabestiole
JoelBrown1,JoelBrown1
roissard,roissard
Delapouite,Delapouite
lbxl2345,lbxl2345
tommywan622,tommywan622
scopeguy,scopeguy
aashish24,aashish24
dkushner,dkushner
antoncl,antoncl
g-k,g-k
kshitizrimal,kshitizrimal
possan,possan
redfire-,redfire-
tro1ka,tro1ka
Luigimon,Luigimon
davidthemarsh,davidthemarsh
visual4,visual4
yannlby2,yannlby2
jjv360,jjv360
v3ss0n,v3ss0n
charlieschwabacher,charlieschwabacher
jackts,jackts
laminko,laminko
pboettcher,pboettcher
geekdenz,geekdenz
julien13630,julien13630
rexwhitten,rexwhitten
ikasiuk,ikasiuk
dotfury,dotfury
gio82,gio82
darkbraver,darkbraver
sriragho,sriragho
juuliaans,juuliaans
Tosken1337,Tosken1337
rogerpujol,rogerpujol
bneff84,bneff84
menasce,menasce
serloock,serloock
gaurav-kumar,gaurav-kumar
kmesiab,kmesiab
wick3dsono,wick3dsono
webber92,webber92
pakastin,pakastin
tarzzz,tarzzz
laurie71,laurie71
skeelogy,skeelogy
brokedRobot,brokedRobot
ming4883,ming4883
jayamal,jayamal
PeaceNlove,PeaceNlove
verma,verma
o0bloody0o,o0bloody0o
trav,trav
Getsy,Getsy
nielvrom,nielvrom
maxinminax,maxinminax
lumierephoto,lumierephoto
marffinn,marffinn
ajstubbs,ajstubbs
altercode,altercode
David-Molnar,David-Molnar
wmhilton,wmhilton
jbass86,jbass86
IzzabelleM,IzzabelleM
martinsiegrist,martinsiegrist
vnpnlz,vnpnlz
jamespacileo,jamespacileo
jordn,jordn
lpalum,lpalum
brycefisher,brycefisher
deepan2k5,deepan2k5
rayza,rayza
philbrookes,philbrookes
mejdi,mejdi
adnanmateen,adnanmateen
tmcw,tmcw
alongubkin,alongubkin
chcampb,chcampb
BabiB,BabiB
nioxkzn,nioxkzn
arrayjam,arrayjam
nuno89,nuno89
menway,menway
rsarvaria,rsarvaria
classic12,classic12
bhickey,bhickey
jewelsjacobs,jewelsjacobs
lukyer,lukyer
DaleHays,DaleHays
pfrazee,pfrazee
eighteight,eighteight
erobic,erobic
sparkyspider,sparkyspider
xinaesthete,xinaesthete
mbezhanov,mbezhanov
mdrorum,mdrorum
FlyingBamboo,FlyingBamboo
sbleu,sbleu
damarusama,damarusama
tkdave,tkdave
jasonji,jasonji
rybotron,rybotron
gokulaketi,gokulaketi
hnsr,hnsr
jarleisassi,jarleisassi
lqdchrm,lqdchrm
victorqribeiro,victorqribeiro
HonestGenius,HonestGenius
maggiboy,maggiboy
mexitalian,mexitalian
mschnee,mschnee
jakelauer,jakelauer
manuqc,manuqc
remy,remy
miketahani,miketahani
claudebossy,claudebossy
h0x91b,h0x91b
lamo2k123,lamo2k123
kaitnyl,kaitnyl
iseefishpeople,iseefishpeople
nadnidnuds,nadnidnuds
igorcamp,igorcamp
wysnan-wushuangqi,wysnan-wushuangqi
guillaumefont,guillaumefont
averas,averas
austinbest,austinbest
NStal,NStal
timo22345,timo22345
syqh,syqh
ptone,ptone
renej-github,renej-github
zheden,zheden
kapplerchris,kapplerchris
xealgo,xealgo
eranws,eranws
ima747,ima747
wilsaj,wilsaj
fedelebron,fedelebron
gl-wizard,gl-wizard
nwertzberger,nwertzberger
jcespinosa,jcespinosa
pc-dedelhart,pc-dedelhart
godGiven,godGiven
voliverio,voliverio
dcgerz,dcgerz
bartuer,bartuer
protometa,protometa
LiorHai,LiorHai
manhhailua,manhhailua
suresh81188,suresh81188
jjoe64,jjoe64
pkthebud,pkthebud
nooklp,nooklp
Spolarium7,Spolarium7
drola,drola
farism,farism
MeTe-30,MeTe-30
nirmalz,nirmalz
jetpad,jetpad
Petaniss,Petaniss
zaidi92,zaidi92
brunocndp,brunocndp
Decora3D,Decora3D
Beanladen,Beanladen
alopatin,alopatin
Bilalkdh,Bilalkdh
Burton-Radons,Burton-Radons
bitbonk,bitbonk
youweit,youweit
peterschrott,peterschrott
j-coll,j-coll
markjsb,markjsb
droplab,droplab
iyinchao,iyinchao
cutepad,cutepad
dogriffiths,dogriffiths
calrk,calrk
gaet,gaet
megoplay20,megoplay20
BeryJu,BeryJu
lorenzolightsgdwarf,lorenzolightsgdwarf
rolyp,rolyp
soimort,soimort
jcfiorenzano,jcfiorenzano
the-illarionov,the-illarionov
DouglasHeriot,DouglasHeriot
gulptranslation,gulptranslation
nickjanssen,nickjanssen
jcowles,jcowles
fov42550564,fov42550564
jedidcad,jedidcad
eliazarx,eliazarx
solatis,solatis
rainisic,rainisic
starcier,starcier
jrimestad,jrimestad
cjmarkham,cjmarkham
fmay,fmay
brigand,brigand
barmstro,barmstro
zdude26,zdude26
Lutcikaur,Lutcikaur
chris-arev85,chris-arev85
ramandumcs,ramandumcs
casmith789,casmith789
alexdw1,alexdw1
jydchanglong,jydchanglong
n2g6t1q1,n2g6t1q1
gloom-nightfall,gloom-nightfall
webavant,webavant
linqingfeng,linqingfeng
Polytonic,Polytonic
darkmons,darkmons
vbnet3d,vbnet3d
fjhub,fjhub
motionharvest,motionharvest
listened,listened
zhangwc,zhangwc
dusongyun,dusongyun
philkingston,philkingston
timmutton,timmutton
wyllman,wyllman
riccardoporrati,riccardoporrati
ofershafir,ofershafir
racerxdl,racerxdl
lvignals,lvignals
aledalgrande,aledalgrande
zakki,zakki
vibraphone,vibraphone
PaulTondeur,PaulTondeur
onlysoda,onlysoda
s-clerc,s-clerc
richpixel,richpixel
amegas,amegas
iplayitofflegit,iplayitofflegit
Leprosy,Leprosy
oldrich-s,oldrich-s
equinox2k,equinox2k
mrgoon,mrgoon
Tommyx,Tommyx
mayioit,mayioit
saurabh500,saurabh500
magirtopcu,magirtopcu
aluarosi,aluarosi
jaeh,jaeh
NileshWalkoli,NileshWalkoli
axmand,axmand
samsfisher,samsfisher
mcgredonps,mcgredonps
adamborowski,adamborowski
toruta39,toruta39
potomek,potomek
nascos,nascos
ReliCWeb,ReliCWeb
redheli,redheli
snipertofu,snipertofu
Afterlife7481,Afterlife7481
timofurrer,timofurrer
LAOMUSIC,LAOMUSIC
pilyugin,pilyugin
dyf,dyf
cky050,cky050
khurramraheel,khurramraheel
flyingzebra,flyingzebra
liubgithub,liubgithub
Irishness,Irishness
Neko36,Neko36
gen-failure,gen-failure
angryobject,angryobject
Bup3,Bup3
ccoffey,ccoffey
xAlien95,xAlien95
tjtjok,tjtjok
jav2011690,jav2011690
thekonz,thekonz
olivierdeckers,olivierdeckers
gathem,gathem
RockDrager,RockDrager
jdarowski,jdarowski
nolanpotier,nolanpotier
bafla13,bafla13
MrSparkle-zz,MrSparkle-zz
BlueMockingbird,BlueMockingbird
zakdances,zakdances
trousers,trousers
ddolyniuk,ddolyniuk
SimoneMeier,SimoneMeier
stubbies,stubbies
ringobingo,ringobingo
FitzBeeson,FitzBeeson
wrutiser,wrutiser
736500,736500
kuckir,kuckir
mafar,mafar
apolloeye,apolloeye
esneider,esneider
smartcodegames,smartcodegames
bjornuppeke,bjornuppeke
jbnj,jbnj
Digitoxin,Digitoxin
cthornbe,cthornbe
dasantonym,dasantonym
dolpheen,dolpheen
xctom,xctom
VladimirCores,VladimirCores
cherocks,cherocks
Reelix,Reelix
Qjr,Qjr
tedlai,tedlai
huyq2002,huyq2002
Arkano261,Arkano261
dumitrugrl,dumitrugrl
uskudnik,uskudnik
feiyingx,feiyingx
mtauer,mtauer
hertzg,hertzg
zexee,zexee
peterderivaz,peterderivaz
ericrius1,ericrius1
Selanas,Selanas
yjx3097890,yjx3097890
MohanSawant,MohanSawant
sam2themax,sam2themax
emilpeder,emilpeder
Beaver-coding,Beaver-coding
jackfranzen,jackfranzen
simar88,simar88
matter-io2,matter-io2
erichanson,erichanson
Linjx80779921,Linjx80779921
sam-g-steel,sam-g-steel
